x	y
0.00614474802125304	0.010732749123714
-0.876955660217652	1.21012934754531
0.544593563249981	0.153272806086753
0.721107628617579	1.28225695133464
-0.00394772537507198	0.00326805385398557
0.196608106110928	0.896646484155648
-0.205533457596375	0.706831922748169
0.141901376369389	0.475773810246218
-1.53058297133582	0.870349663576613
-0.0120100404187646	0.0139197839937395
0.578619762264022	0.668182744376292
0.429766035771727	0.447478471278968
-0.607750593972374	0.496358850160681
0.0348828173248227	0.0362414955817074
-0.851125037862051	0.237357659222649
-0.319246058872205	0.0720949325789598
0.516206354063343	0.108078894158425
0.543973854716041	0.153057609340473
0.543973854716041	0.153057609340473
-0.851633961835444	0.237521891180691
1.07479606983983	0.390545172612471
0.516612394716055	0.108166655767287
-0.851522932496552	0.237480100686696
-0.851522932496552	0.237480100686696
1.37860153128172	0.40815466205194
-0.261356741511791	0.174894623499771
-0.0712095025527889	0.0964905420991297
-0.531367225564827	0.787316250175187
-0.876670733220326	0.798954853805053
0.787495142559938	0.590627712895222
0.0140010780603572	0.00848011063040879
0.187937617097169	0.110105048287676
-0.16007082002655	0.0857040493828155
-0.304169453932812	1.05958317391782
-0.445246430330694	0.345870833634102
-0.445730868021638	0.346323189354876
0.231412791086755	0.645266869438819
-0.130417342966743	0.289146757375406
-0.0916962514743478	0.231991798607482
-0.318724164788244	0.0719630894166786
0.138926145175666	0.168042427870207
0.324305018883949	0.199524782429732
0.13476411305417	0.0909242707834865
0.569427580400673	0.482568517179498
-0.0274832205988842	0.0101327047119282
-0.16212825604327	0.100119122671394
0.222823951469211	0.148769880594784
-0.0209056551558675	0.0139931372617702
-0.239518850563392	0.215046030156534
-0.0813274321779459	0.0524720515957787
0.285173993567924	0.878079280455852
-0.0514487765999993	0.0918546926025274
-0.409381770897559	0.67586710707943
-0.169309326265051	0.118001462291142
-0.411341865969921	0.162454543380837
-0.41119459419377	0.162435961508889
-1.24218529549914	0.408698007966712
1.68043783820184	1.09902974470964
-0.252998954510119	0.189751124736007
0.333894970464639	0.219790300984906
0.0237235639453194	0.0122256824834677
0.544593563249981	0.153272806086753
-0.31965044804965	0.0721655910561063
0.544485579054916	0.153289246745181
0.114817015090472	0.557906001661837
0.229752276994692	0.910798657855309
0.106884161220369	0.244787321498442
-0.249436765617202	0.996059668938812
0.156730179537325	0.329237865006687
0.0530370974520626	0.0711832291636642
0.434235263133662	0.419414718834888
0.50848432852446	0.549019887607369
-0.116433410490154	0.0734936372926946
0.344776156782017	0.268386441578953
-0.217313154232475	0.130988332258722
0.0732009352483532	0.404585691778436
0.334362047038836	1.11743495767168
-0.202917577314917	0.618587083330597
-0.218465517404618	0.487401413100752
0.00346276237849224	0.00437250952260963
-0.673925482318561	0.728955148771207
-0.0131124824431033	0.0131643557138259
-0.66903358880314	0.769016223231145
-0.299483941227069	0.285301191091875
-0.733328804038838	0.834846671567189
-0.297345847685852	0.282761904617731
-0.140736217649304	0.110017367524536
