group	x	y	clickSelects	showSelected1
10	-25.25	-0.25	107	5600,0
10	-25.25	0.25	107	5600,0
10	-24.75	0.25	107	5600,0
10	-24.75	-0.25	107	5600,0
10	-25.25	-0.25	107	5600,0
134	-24.25	0.75	81	5600,0
134	-24.25	1.25	81	5600,0
134	-23.75	1.25	81	5600,0
134	-23.75	0.75	81	5600,0
134	-24.25	0.75	81	5600,0
147	-23.75	1.25	91	5600,0
147	-23.75	1.75	91	5600,0
147	-23.25	1.75	91	5600,0
147	-23.25	1.25	91	5600,0
147	-23.75	1.25	91	5600,0
52	-23.25	1.75	3	5600,0
52	-23.25	2.25	3	5600,0
52	-19.75	5.75	3	5600,0
52	-19.25	5.75	3	5600,0
52	-19.25	5.25	3	5600,0
52	-22.75	1.75	3	5600,0
52	-23.25	1.75	3	5600,0
53	-17.75	7.25	3	5600,0
53	-17.75	7.75	3	5600,0
53	-15.75	9.75	3	5600,0
53	-15.25	9.75	3	5600,0
53	-15.25	9.25	3	5600,0
53	-17.25	7.25	3	5600,0
53	-17.75	7.25	3	5600,0
54	-23.25	-0.25	3	5600,0
54	-23.25	0.25	3	5600,0
54	-22.75	0.75	3	5600,0
54	-22.25	0.75	3	5600,0
54	-21.75	0.25	3	5600,0
54	-21.75	-0.25	3	5600,0
54	-23.25	-0.25	3	5600,0
55	-20.25	2.75	3	5600,0
55	-20.25	3.25	3	5600,0
55	-19.25	4.25	3	5600,0
55	-17.75	4.25	3	5600,0
55	-15.25	1.75	3	5600,0
55	-15.25	1.25	3	5600,0
55	-16.75	-0.25	3	5600,0
55	-18.25	-0.25	3	5600,0
55	-20.25	1.75	3	5600,0
55	-20.25	2.75	3	5600,0
56	-14.75	8.25	3	5600,0
56	-14.75	8.75	3	5600,0
56	-13.75	8.75	3	5600,0
56	-12.75	9.75	3	5600,0
56	-12.75	10.75	3	5600,0
56	-12.25	10.75	3	5600,0
56	-11.75	10.25	3	5600,0
56	-10.75	10.25	3	5600,0
56	-10.75	9.75	3	5600,0
56	-11.25	9.25	3	5600,0
56	-12.25	9.25	3	5600,0
56	-12.25	7.75	3	5600,0
56	-11.75	7.25	3	5600,0
56	-10.25	7.25	3	5600,0
56	-9.75	7.75	3	5600,0
56	-9.25	7.75	3	5600,0
56	-9.25	7.25	3	5600,0
56	-12.75	3.75	3	5600,0
56	-13.25	3.75	3	5600,0
56	-14.75	5.25	3	5600,0
56	-15.75	5.25	3	5600,0
56	-15.75	6.75	3	5600,0
56	-14.75	7.75	3	5600,0
56	-14.75	8.25	3	5600,0
57	-19.75	2.75	3	5600,0
57	-19.75	2.25	3	5600,0
57	-19.25	2.25	3	5600,0
57	-19.25	2.75	3	5600,0
57	-19.75	2.75	3	5600,0
58	-21.25	0.25	3	5600,0
58	-21.25	-0.25	3	5600,0
58	-20.75	-0.25	3	5600,0
58	-20.75	0.25	3	5600,0
58	-21.25	0.25	3	5600,0
59	-14.25	5.75	3	5600,0
59	-14.25	6.25	3	5600,0
59	-13.75	6.75	3	5600,0
59	-13.25	6.75	3	5600,0
59	-13.25	5.25	3	5600,0
59	-13.75	5.25	3	5600,0
59	-14.25	5.75	3	5600,0
60	-12.75	6.75	3	5600,0
60	-12.75	6.25	3	5600,0
60	-12.25	6.25	3	5600,0
60	-12.25	6.75	3	5600,0
60	-12.75	6.75	3	5600,0
96	-15.25	9.75	6	5600,0
96	-15.25	10.25	6	5600,0
96	-13.25	12.25	6	5600,0
96	-12.75	12.25	6	5600,0
96	-12.75	11.75	6	5600,0
96	-14.75	9.75	6	5600,0
96	-15.25	9.75	6	5600,0
96	-44.75	15.25	6	5650,0
96	-44.75	15.75	6	5650,0
96	-44.25	15.75	6	5650,0
96	-44.25	14.25	6	5650,0
96	-44.75	14.25	6	5650,0
96	-44.75	15.25	6	5650,0
97	-8.25	16.75	6	5600,0
97	-8.25	17.25	6	5600,0
97	-2.75	22.75	6	5600,0
97	-2.25	22.75	6	5600,0
97	-2.25	22.25	6	5600,0
97	-7.75	16.75	6	5600,0
97	-8.25	16.75	6	5600,0
97	-43.75	16.25	6	5650,0
97	-43.75	16.75	6	5650,0
97	-43.25	16.75	6	5650,0
97	-43.25	16.25	6	5650,0
97	-43.75	16.25	6	5650,0
98	-13.25	9.75	6	5600,0
98	-13.25	10.25	6	5600,0
98	-12.75	10.25	6	5600,0
98	-12.75	9.75	6	5600,0
98	-13.25	9.75	6	5600,0
99	-12.25	10.75	6	5600,0
99	-12.25	11.25	6	5600,0
99	-10.75	11.25	6	5600,0
99	-10.25	10.75	6	5600,0
99	-9.75	10.75	6	5600,0
99	-9.75	11.75	6	5600,0
99	-9.25	12.25	6	5600,0
99	-9.25	12.75	6	5600,0
99	-9.75	13.25	6	5600,0
99	-9.75	13.75	6	5600,0
99	-8.75	13.75	6	5600,0
99	-8.25	14.25	6	5600,0
99	-7.25	14.25	6	5600,0
99	-7.25	14.75	6	5600,0
99	-7.75	15.25	6	5600,0
99	-7.75	15.75	6	5600,0
99	-7.25	16.25	6	5600,0
99	-6.75	16.25	6	5600,0
99	-6.25	15.75	6	5600,0
99	-5.75	15.75	6	5600,0
99	-5.25	16.25	6	5600,0
99	-4.75	16.25	6	5600,0
99	-4.25	15.75	6	5600,0
99	-4.25	15.25	6	5600,0
99	-5.75	13.75	6	5600,0
99	-6.75	13.75	6	5600,0
99	-7.75	12.75	6	5600,0
99	-7.75	11.75	6	5600,0
99	-8.25	11.25	6	5600,0
99	-8.25	10.75	6	5600,0
99	-7.75	10.25	6	5600,0
99	-7.75	9.75	6	5600,0
99	-8.75	8.75	6	5600,0
99	-8.75	7.75	6	5600,0
99	-9.75	7.75	6	5600,0
99	-10.25	7.25	6	5600,0
99	-10.75	7.25	6	5600,0
99	-10.75	8.25	6	5600,0
99	-11.75	8.25	6	5600,0
99	-12.25	8.75	6	5600,0
99	-12.25	9.25	6	5600,0
99	-11.25	9.25	6	5600,0
99	-10.75	9.75	6	5600,0
99	-10.75	10.25	6	5600,0
99	-11.75	10.25	6	5600,0
99	-12.25	10.75	6	5600,0
100	-1.75	21.25	6	5600,0
100	-1.75	21.75	6	5600,0
100	-1.25	21.75	6	5600,0
100	-1.25	20.75	6	5600,0
100	-0.75	20.75	6	5600,0
100	0.25	21.75	6	5600,0
100	0.25	22.75	6	5600,0
100	1.25	23.75	6	5600,0
100	1.25	24.75	6	5600,0
100	1.75	25.25	6	5600,0
100	2.25	25.25	6	5600,0
100	2.75	24.75	6	5600,0
100	2.75	24.25	6	5600,0
100	1.25	22.75	6	5600,0
100	1.25	22.25	6	5600,0
100	1.75	22.25	6	5600,0
100	2.25	22.75	6	5600,0
100	3.75	22.75	6	5600,0
100	3.75	21.75	6	5600,0
100	5.25	20.25	6	5600,0
100	5.25	18.75	6	5600,0
100	3.25	16.75	6	5600,0
100	2.75	16.75	6	5600,0
100	2.75	18.25	6	5600,0
100	4.25	19.75	6	5600,0
100	4.25	20.25	6	5600,0
100	3.75	20.25	6	5600,0
100	3.25	19.75	6	5600,0
100	2.25	19.75	6	5600,0
100	1.75	19.25	6	5600,0
100	1.25	19.25	6	5600,0
100	1.25	19.75	6	5600,0
100	2.25	20.75	6	5600,0
100	3.25	20.75	6	5600,0
100	3.25	21.25	6	5600,0
100	2.75	21.75	6	5600,0
100	2.25	21.75	6	5600,0
100	-1.25	18.25	6	5600,0
100	-2.25	18.25	6	5600,0
100	-2.75	17.75	6	5600,0
100	-2.75	17.25	6	5600,0
100	-2.25	16.75	6	5600,0
100	-1.25	16.75	6	5600,0
100	-1.25	15.25	6	5600,0
100	-1.75	15.25	6	5600,0
100	-2.75	16.25	6	5600,0
100	-3.75	16.25	6	5600,0
100	-3.75	17.25	6	5600,0
100	-4.25	17.75	6	5600,0
100	-4.25	18.25	6	5600,0
100	-3.75	18.75	6	5600,0
100	-2.75	18.75	6	5600,0
100	-2.25	19.25	6	5600,0
100	-2.25	20.25	6	5600,0
100	-1.75	20.75	6	5600,0
100	-1.75	21.25	6	5600,0
101	-9.75	9.25	6	5600,0
101	-9.75	9.75	6	5600,0
101	-9.25	10.25	6	5600,0
101	-8.75	10.25	6	5600,0
101	-8.75	9.75	6	5600,0
101	-9.25	9.25	6	5600,0
101	-9.75	9.25	6	5600,0
102	4.75	14.75	6	5600,0
102	4.75	15.25	6	5600,0
102	5.25	15.25	6	5600,0
102	5.25	14.75	6	5600,0
102	4.75	14.75	6	5600,0
35	-12.75	12.25	23	5600,0
35	-12.75	12.75	23	5600,0
35	-8.75	16.75	23	5600,0
35	-8.25	16.75	23	5600,0
35	-8.25	16.25	23	5600,0
35	-12.25	12.25	23	5600,0
35	-12.75	12.25	23	5600,0
36	-11.75	11.25	23	5600,0
36	-11.75	11.75	23	5600,0
36	-11.25	11.75	23	5600,0
36	-11.25	11.25	23	5600,0
36	-11.75	11.25	23	5600,0
37	-9.25	13.75	23	5600,0
37	-9.25	14.25	23	5600,0
37	-8.75	14.25	23	5600,0
37	-8.75	13.75	23	5600,0
37	-9.25	13.75	23	5600,0
38	-8.25	14.75	23	5600,0
38	-8.25	15.25	23	5600,0
38	-7.75	15.25	23	5600,0
38	-7.75	14.75	23	5600,0
38	-8.25	14.75	23	5600,0
39	-10.75	11.75	23	5600,0
39	-10.75	11.25	23	5600,0
39	-10.25	10.75	23	5600,0
39	-9.75	10.75	23	5600,0
39	-9.75	12.25	23	5600,0
39	-10.25	12.25	23	5600,0
39	-10.75	11.75	23	5600,0
114	-2.25	22.75	7	5600,0
114	-2.25	23.25	7	5600,0
114	4.75	30.25	7	5600,0
114	5.25	30.25	7	5600,0
114	5.25	29.75	7	5600,0
114	-1.75	22.75	7	5600,0
114	-2.25	22.75	7	5600,0
114	-44.75	30.25	7	5650,0
114	-44.75	30.75	7	5650,0
114	-43.75	31.75	7	5650,0
114	-43.25	31.75	7	5650,0
114	-43.25	30.25	7	5650,0
114	-44.75	30.25	7	5650,0
115	-0.25	22.75	7	5600,0
115	-0.25	23.25	7	5600,0
115	0.25	23.25	7	5600,0
115	0.25	22.75	7	5600,0
115	-0.25	22.75	7	5600,0
115	-44.75	28.25	7	5650,0
115	-44.75	28.75	7	5650,0
115	-44.25	28.75	7	5650,0
115	-44.25	27.75	7	5650,0
115	-43.75	27.25	7	5650,0
115	-43.25	27.25	7	5650,0
115	-42.25	28.25	7	5650,0
115	-41.75	28.25	7	5650,0
115	-41.75	27.75	7	5650,0
115	-42.75	26.75	7	5650,0
115	-42.75	25.25	7	5650,0
115	-42.25	24.75	7	5650,0
115	-41.75	24.75	7	5650,0
115	-41.75	26.75	7	5650,0
115	-41.25	27.25	7	5650,0
115	-40.75	27.25	7	5650,0
115	-40.75	24.25	7	5650,0
115	-40.25	23.75	7	5650,0
115	-40.25	23.25	7	5650,0
115	-40.75	22.75	7	5650,0
115	-41.25	22.75	7	5650,0
115	-41.25	23.75	7	5650,0
115	-41.75	23.75	7	5650,0
115	-42.25	23.25	7	5650,0
115	-42.75	23.25	7	5650,0
115	-42.75	24.25	7	5650,0
115	-43.75	24.25	7	5650,0
115	-43.75	24.75	7	5650,0
115	-43.25	25.25	7	5650,0
115	-43.25	25.75	7	5650,0
115	-43.75	25.75	7	5650,0
115	-44.25	25.25	7	5650,0
115	-44.75	25.25	7	5650,0
115	-44.75	28.25	7	5650,0
116	2.25	25.25	7	5600,0
116	2.25	25.75	7	5600,0
116	4.75	28.25	7	5600,0
116	5.25	28.25	7	5600,0
116	5.25	27.75	7	5600,0
116	2.75	25.25	7	5600,0
116	2.25	25.25	7	5600,0
116	-42.75	30.75	7	5650,0
116	-42.75	29.75	7	5650,0
116	-43.25	29.25	7	5650,0
116	-43.25	28.75	7	5650,0
116	-42.75	28.75	7	5650,0
116	-42.25	29.25	7	5650,0
116	-41.25	29.25	7	5650,0
116	-41.25	29.75	7	5650,0
116	-42.25	30.75	7	5650,0
116	-42.75	30.75	7	5650,0
117	4.75	25.75	7	5600,0
117	4.75	26.25	7	5600,0
117	5.25	26.25	7	5600,0
117	5.25	24.75	7	5600,0
117	4.75	24.75	7	5600,0
117	4.75	25.75	7	5600,0
6	-43.25	31.75	103	5650,0
6	-43.25	32.25	103	5650,0
6	-42.75	32.25	103	5650,0
6	-42.75	31.75	103	5650,0
6	-43.25	31.75	103	5650,0
41	-42.75	32.25	25	5650,0
41	-42.75	32.75	25	5650,0
41	-42.25	33.25	25	5650,0
41	-41.75	33.25	25	5650,0
41	-41.75	32.75	25	5650,0
41	-42.25	32.25	25	5650,0
41	-42.75	32.25	25	5650,0
42	-38.75	36.25	25	5650,0
42	-38.75	36.75	25	5650,0
42	-34.25	41.25	25	5650,0
42	-33.75	41.25	25	5650,0
42	-33.75	40.75	25	5650,0
42	-38.25	36.25	25	5650,0
42	-38.75	36.25	25	5650,0
43	-42.25	30.75	25	5650,0
43	-42.25	31.25	25	5650,0
43	-41.25	32.25	25	5650,0
43	-40.75	32.25	25	5650,0
43	-40.75	31.25	25	5650,0
43	-40.25	30.75	25	5650,0
43	-39.75	30.75	25	5650,0
43	-39.25	31.25	25	5650,0
43	-39.25	32.25	25	5650,0
43	-38.25	32.25	25	5650,0
43	-37.25	33.25	25	5650,0
43	-37.25	33.75	25	5650,0
43	-38.25	33.75	25	5650,0
43	-38.25	35.25	25	5650,0
43	-32.75	40.75	25	5650,0
43	-32.25	40.75	25	5650,0
43	-32.25	40.25	25	5650,0
43	-32.75	39.75	25	5650,0
43	-32.75	38.75	25	5650,0
43	-33.25	38.25	25	5650,0
43	-34.25	38.25	25	5650,0
43	-34.25	37.75	25	5650,0
43	-33.75	37.25	25	5650,0
43	-33.75	36.75	25	5650,0
43	-34.75	36.75	25	5650,0
43	-35.75	35.75	25	5650,0
43	-36.75	35.75	25	5650,0
43	-37.25	35.25	25	5650,0
43	-37.25	34.75	25	5650,0
43	-36.25	34.75	25	5650,0
43	-36.25	33.25	25	5650,0
43	-37.75	31.75	25	5650,0
43	-37.75	30.75	25	5650,0
43	-38.75	30.75	25	5650,0
43	-40.25	29.25	25	5650,0
43	-40.75	29.25	25	5650,0
43	-40.75	30.25	25	5650,0
43	-41.25	30.75	25	5650,0
43	-42.25	30.75	25	5650,0
44	-35.75	33.75	25	5650,0
44	-35.75	32.25	25	5650,0
44	-34.75	31.25	25	5650,0
44	-34.75	29.75	25	5650,0
44	-35.75	29.75	25	5650,0
44	-35.75	28.25	25	5650,0
44	-35.25	28.25	25	5650,0
44	-33.25	30.25	25	5650,0
44	-33.25	30.75	25	5650,0
44	-34.75	32.25	25	5650,0
44	-34.75	33.25	25	5650,0
44	-35.25	33.75	25	5650,0
44	-35.75	33.75	25	5650,0
45	-31.75	28.25	25	5650,0
45	-31.75	28.75	25	5650,0
45	-31.25	28.75	25	5650,0
45	-31.25	28.25	25	5650,0
45	-31.75	28.25	25	5650,0
81	-41.75	33.25	47	5650,0
81	-41.75	33.75	47	5650,0
81	-39.25	36.25	47	5650,0
81	-38.75	36.25	47	5650,0
81	-38.75	35.75	47	5650,0
81	-41.25	33.25	47	5650,0
81	-41.75	33.25	47	5650,0
82	-40.25	32.75	47	5650,0
82	-40.25	33.25	47	5650,0
82	-38.75	34.75	47	5650,0
82	-38.25	34.75	47	5650,0
82	-38.25	34.25	47	5650,0
82	-38.75	33.75	47	5650,0
82	-38.75	33.25	47	5650,0
82	-38.25	33.25	47	5650,0
82	-37.75	33.75	47	5650,0
82	-37.25	33.75	47	5650,0
82	-37.25	33.25	47	5650,0
82	-38.25	32.25	47	5650,0
82	-38.75	32.25	47	5650,0
82	-39.25	32.75	47	5650,0
82	-40.25	32.75	47	5650,0
7	-33.75	41.25	104	5650,0
7	-33.75	41.75	104	5650,0
7	-33.25	41.75	104	5650,0
7	-33.25	41.25	104	5650,0
7	-33.75	41.25	104	5650,0
28	-21.75	1.25	20	5600,0
28	-21.75	1.75	20	5600,0
28	-21.25	1.75	20	5600,0
28	-21.25	1.25	20	5600,0
28	-21.75	1.25	20	5600,0
29	-20.75	2.25	20	5600,0
29	-20.75	2.75	20	5600,0
29	-20.25	2.75	20	5600,0
29	-20.25	2.25	20	5600,0
29	-20.75	2.25	20	5600,0
30	-20.75	0.25	20	5600,0
30	-20.75	0.75	20	5600,0
30	-19.25	0.75	20	5600,0
30	-18.75	0.25	20	5600,0
30	-18.75	-0.25	20	5600,0
30	-20.25	-0.25	20	5600,0
30	-20.75	0.25	20	5600,0
149	-18.75	4.25	93	5600,0
149	-18.75	4.75	93	5600,0
149	-18.25	4.75	93	5600,0
149	-18.25	4.25	93	5600,0
149	-18.75	4.25	93	5600,0
26	-15.75	7.25	19	5600,0
26	-15.75	7.75	19	5600,0
26	-15.25	8.25	19	5600,0
26	-14.75	8.25	19	5600,0
26	-14.75	7.75	19	5600,0
26	-15.25	7.25	19	5600,0
26	-15.75	7.25	19	5600,0
124	-14.25	8.75	76	5600,0
124	-14.25	9.25	76	5600,0
124	-13.75	9.25	76	5600,0
124	-13.75	8.75	76	5600,0
124	-14.25	8.75	76	5600,0
122	-13.75	9.25	74	5600,0
122	-13.75	9.75	74	5600,0
122	-13.25	9.75	74	5600,0
122	-13.25	9.25	74	5600,0
122	-13.75	9.25	74	5600,0
65	-10.75	12.25	34	5600,0
65	-10.75	12.75	34	5600,0
65	-10.25	13.25	34	5600,0
65	-9.75	13.25	34	5600,0
65	-9.75	12.75	34	5600,0
65	-10.25	12.25	34	5600,0
65	-10.75	12.25	34	5600,0
140	-8.75	14.25	87	5600,0
140	-8.75	14.75	87	5600,0
140	-8.25	14.75	87	5600,0
140	-8.25	14.25	87	5600,0
140	-8.75	14.25	87	5600,0
33	-6.75	16.25	22	5600,0
33	-6.75	16.75	22	5600,0
33	-5.25	18.25	22	5600,0
33	-4.75	18.25	22	5600,0
33	-4.75	17.75	22	5600,0
33	-5.75	16.75	22	5600,0
33	-5.75	15.75	22	5600,0
33	-6.25	15.75	22	5600,0
33	-6.75	16.25	22	5600,0
34	-4.25	18.75	22	5600,0
34	-4.25	19.25	22	5600,0
34	-3.75	19.25	22	5600,0
34	-3.75	18.75	22	5600,0
34	-4.25	18.75	22	5600,0
83	-3.75	19.25	48	5600,0
83	-3.75	19.75	48	5600,0
83	-2.25	19.75	48	5600,0
83	-2.25	19.25	48	5600,0
83	-2.75	18.75	48	5600,0
83	-3.25	18.75	48	5600,0
83	-3.75	19.25	48	5600,0
126	-3.25	19.75	78	5600,0
126	-3.25	20.25	78	5600,0
126	-2.25	21.25	78	5600,0
126	-1.75	21.25	78	5600,0
126	-1.75	20.75	78	5600,0
126	-2.75	19.75	78	5600,0
126	-3.25	19.75	78	5600,0
146	-1.25	21.75	90	5600,0
146	-1.25	22.25	90	5600,0
146	-0.75	22.75	90	5600,0
146	-0.25	22.75	90	5600,0
146	0.25	22.25	90	5600,0
146	0.25	21.75	90	5600,0
146	-0.25	21.25	90	5600,0
146	-0.75	21.25	90	5600,0
146	-1.25	21.75	90	5600,0
107	0.25	23.25	64	5600,0
107	0.25	23.75	64	5600,0
107	0.75	24.25	64	5600,0
107	1.25	24.25	64	5600,0
107	1.25	23.75	64	5600,0
107	0.75	23.25	64	5600,0
107	0.25	23.25	64	5600,0
3	-44.25	28.75	100	5650,0
3	-44.25	29.25	100	5650,0
3	-43.75	29.25	100	5650,0
3	-43.75	28.75	100	5650,0
3	-44.25	28.75	100	5650,0
106	-43.75	29.25	63	5650,0
106	-43.75	29.75	63	5650,0
106	-43.25	30.25	63	5650,0
106	-42.75	30.25	63	5650,0
106	-42.75	29.75	63	5650,0
106	-43.25	29.25	63	5650,0
106	-43.75	29.25	63	5650,0
46	-40.75	32.25	26	5650,0
46	-40.75	32.75	26	5650,0
46	-40.25	32.75	26	5650,0
46	-39.25	31.75	26	5650,0
46	-39.25	31.25	26	5650,0
46	-39.75	30.75	26	5650,0
46	-40.25	30.75	26	5650,0
46	-40.25	31.75	26	5650,0
46	-40.75	32.25	26	5650,0
139	-19.75	2.25	86	5600,0
139	-19.75	2.75	86	5600,0
139	-19.25	2.75	86	5600,0
139	-19.25	2.25	86	5600,0
139	-19.75	2.25	86	5600,0
5	-9.75	12.25	102	5600,0
5	-9.75	12.75	102	5600,0
5	-9.25	12.75	102	5600,0
5	-9.25	12.25	102	5600,0
5	-9.75	12.25	102	5600,0
141	-7.75	14.25	88	5600,0
141	-7.75	14.75	88	5600,0
141	-7.25	14.75	88	5600,0
141	-7.25	14.25	88	5600,0
141	-7.75	14.25	88	5600,0
20	-5.75	16.25	16	5600,0
20	-5.75	16.75	16	5600,0
20	-4.75	17.75	16	5600,0
20	-4.25	17.75	16	5600,0
20	-3.75	17.25	16	5600,0
20	-3.75	16.25	16	5600,0
20	-2.75	15.25	16	5600,0
20	-2.75	13.75	16	5600,0
20	-3.25	13.25	16	5600,0
20	-4.25	13.25	16	5600,0
20	-4.25	11.75	16	5600,0
20	-3.25	11.75	16	5600,0
20	-3.25	10.25	16	5600,0
20	-5.25	8.25	16	5600,0
20	-5.75	8.25	16	5600,0
20	-6.75	9.25	16	5600,0
20	-7.25	9.25	16	5600,0
20	-8.25	8.25	16	5600,0
20	-8.75	8.25	16	5600,0
20	-8.75	8.75	16	5600,0
20	-7.75	9.75	16	5600,0
20	-7.75	10.75	16	5600,0
20	-7.25	11.25	16	5600,0
20	-7.25	11.75	16	5600,0
20	-7.75	12.25	16	5600,0
20	-7.75	12.75	16	5600,0
20	-6.75	13.75	16	5600,0
20	-6.25	13.75	16	5600,0
20	-5.75	13.25	16	5600,0
20	-5.25	13.25	16	5600,0
20	-5.25	14.25	16	5600,0
20	-4.25	15.25	16	5600,0
20	-4.25	15.75	16	5600,0
20	-4.75	16.25	16	5600,0
20	-5.75	16.25	16	5600,0
20	-37.75	31.25	16	5650,0
20	-37.75	31.75	16	5650,0
20	-37.25	32.25	16	5650,0
20	-35.75	32.25	16	5650,0
20	-34.75	31.25	16	5650,0
20	-34.75	29.75	16	5650,0
20	-35.75	29.75	16	5650,0
20	-35.75	27.75	16	5650,0
20	-39.75	23.75	16	5650,0
20	-40.25	23.75	16	5650,0
20	-40.75	24.25	16	5650,0
20	-40.75	26.75	16	5650,0
20	-39.25	28.25	16	5650,0
20	-39.25	29.25	16	5650,0
20	-38.75	29.75	16	5650,0
20	-37.75	29.75	16	5650,0
20	-37.25	30.25	16	5650,0
20	-37.25	30.75	16	5650,0
20	-37.75	31.25	16	5650,0
21	4.25	23.25	16	5600,0
21	4.25	23.75	16	5600,0
21	4.75	23.75	16	5600,0
21	5.25	23.25	16	5600,0
21	5.25	22.75	16	5600,0
21	4.75	22.75	16	5600,0
21	4.25	23.25	16	5600,0
21	-44.75	23.25	16	5650,0
21	-44.75	23.75	16	5650,0
21	-44.25	24.25	16	5650,0
21	-42.75	24.25	16	5650,0
21	-42.75	23.25	16	5650,0
21	-42.25	23.25	16	5650,0
21	-41.75	23.75	16	5650,0
21	-41.25	23.75	16	5650,0
21	-41.25	22.25	16	5650,0
21	-42.75	20.75	16	5650,0
21	-43.25	20.75	16	5650,0
21	-43.25	21.75	16	5650,0
21	-44.75	23.25	16	5650,0
22	-2.25	12.75	16	5600,0
22	-2.25	13.25	16	5600,0
22	-1.25	14.25	16	5600,0
22	-0.25	14.25	16	5600,0
22	0.25	14.75	16	5600,0
22	0.25	15.75	16	5600,0
22	1.75	17.25	16	5600,0
22	2.25	17.25	16	5600,0
22	2.75	16.75	16	5600,0
22	2.75	16.25	16	5600,0
22	-1.75	11.75	16	5600,0
22	-2.25	11.75	16	5600,0
22	-2.25	12.75	16	5600,0
22	-44.25	15.75	16	5650,0
22	-44.25	16.25	16	5650,0
22	-43.25	16.25	16	5650,0
22	-43.25	17.25	16	5650,0
22	-42.25	18.25	16	5650,0
22	-41.25	18.25	16	5650,0
22	-41.25	19.25	16	5650,0
22	-39.25	21.25	16	5650,0
22	-38.25	21.25	16	5650,0
22	-37.75	21.75	16	5650,0
22	-37.75	22.75	16	5650,0
22	-36.25	24.25	16	5650,0
22	-35.25	24.25	16	5650,0
22	-35.25	25.25	16	5650,0
22	-34.75	25.75	16	5650,0
22	-33.75	25.75	16	5650,0
22	-33.75	26.75	16	5650,0
22	-32.75	26.75	16	5650,0
22	-32.25	27.25	16	5650,0
22	-32.25	28.25	16	5650,0
22	-31.75	28.25	16	5650,0
22	-30.75	27.25	16	5650,0
22	-30.75	26.75	16	5650,0
22	-31.75	26.75	16	5650,0
22	-32.25	26.25	16	5650,0
22	-32.25	25.75	16	5650,0
22	-31.75	25.25	16	5650,0
22	-31.25	25.25	16	5650,0
22	-30.25	26.25	16	5650,0
22	-29.75	26.25	16	5650,0
22	-29.25	25.75	16	5650,0
22	-29.25	24.75	16	5650,0
22	-28.75	24.25	16	5650,0
22	-28.25	24.25	16	5650,0
22	-27.25	25.25	16	5650,0
22	-27.25	25.75	16	5650,0
22	-28.25	25.75	16	5650,0
22	-28.25	26.25	16	5650,0
22	-27.75	26.75	16	5650,0
22	-25.25	26.75	16	5650,0
22	-25.25	25.75	16	5650,0
22	-24.25	24.75	16	5650,0
22	-24.25	24.25	16	5650,0
22	-24.75	23.75	16	5650,0
22	-24.75	22.75	16	5650,0
22	-26.75	22.75	16	5650,0
22	-26.75	20.75	16	5650,0
22	-27.25	20.75	16	5650,0
22	-27.75	21.25	16	5650,0
22	-28.25	21.25	16	5650,0
22	-28.75	20.75	16	5650,0
22	-28.75	20.25	16	5650,0
22	-27.75	20.25	16	5650,0
22	-27.25	19.75	16	5650,0
22	-27.25	19.25	16	5650,0
22	-28.25	18.25	16	5650,0
22	-28.75	18.25	16	5650,0
22	-28.75	19.25	16	5650,0
22	-29.25	19.75	16	5650,0
22	-30.25	19.75	16	5650,0
22	-30.25	20.75	16	5650,0
22	-31.25	20.75	16	5650,0
22	-31.75	21.25	16	5650,0
22	-32.25	21.25	16	5650,0
22	-32.25	20.75	16	5650,0
22	-31.75	20.25	16	5650,0
22	-31.75	19.75	16	5650,0
22	-33.25	19.75	16	5650,0
22	-33.25	20.75	16	5650,0
22	-33.75	20.75	16	5650,0
22	-34.25	20.25	16	5650,0
22	-34.25	17.75	16	5650,0
22	-33.75	17.75	16	5650,0
22	-33.25	18.25	16	5650,0
22	-32.25	18.25	16	5650,0
22	-31.25	19.25	16	5650,0
22	-30.75	19.25	16	5650,0
22	-30.75	18.75	16	5650,0
22	-31.75	17.75	16	5650,0
22	-31.75	17.25	16	5650,0
22	-27.75	17.25	16	5650,0
22	-27.75	16.75	16	5650,0
22	-28.25	16.25	16	5650,0
22	-28.25	15.25	16	5650,0
22	-28.75	14.75	16	5650,0
22	-28.75	12.25	16	5650,0
22	-28.25	11.75	16	5650,0
22	-28.25	10.75	16	5650,0
22	-27.75	10.25	16	5650,0
22	-27.25	10.25	16	5650,0
22	-26.75	10.75	16	5650,0
22	-26.75	11.25	16	5650,0
22	-27.75	12.25	16	5650,0
22	-27.75	12.75	16	5650,0
22	-27.25	12.75	16	5650,0
22	-25.75	11.25	16	5650,0
22	-25.75	10.75	16	5650,0
22	-26.75	9.75	16	5650,0
22	-26.75	9.25	16	5650,0
22	-26.25	9.25	16	5650,0
22	-24.75	10.75	16	5650,0
22	-24.25	10.75	16	5650,0
22	-23.25	9.75	16	5650,0
22	-22.25	9.75	16	5650,0
22	-21.75	9.25	16	5650,0
22	-21.75	7.75	16	5650,0
22	-29.75	-0.25	16	5650,0
22	-44.25	-0.25	16	5650,0
22	-44.75	0.25	16	5650,0
22	-44.75	13.75	16	5650,0
22	-44.25	14.25	16	5650,0
22	-44.25	15.75	16	5650,0
23	-3.75	6.25	16	5600,0
23	-3.75	6.75	16	5600,0
23	4.25	14.75	16	5600,0
23	4.75	14.75	16	5600,0
23	5.25	14.25	16	5600,0
23	5.25	-0.25	16	5600,0
23	2.75	-0.25	16	5600,0
23	-3.75	6.25	16	5600,0
24	2.75	24.75	17	5600,0
24	2.75	25.25	17	5600,0
24	3.75	26.25	17	5600,0
24	4.25	26.25	17	5600,0
24	4.25	24.75	17	5600,0
24	3.25	23.75	17	5600,0
24	2.75	23.75	17	5600,0
24	2.75	24.75	17	5600,0
125	4.25	26.25	77	5600,0
125	4.25	26.75	77	5600,0
125	4.75	26.75	77	5600,0
125	4.75	26.25	77	5600,0
125	4.25	26.25	77	5600,0
87	4.75	26.75	51	5600,0
87	4.75	27.25	51	5600,0
87	5.25	27.25	51	5600,0
87	5.25	26.75	51	5600,0
87	4.75	26.75	51	5600,0
16	-44.25	27.75	12	5650,0
16	-44.25	28.25	12	5650,0
16	-43.75	28.75	12	5650,0
16	-43.25	28.75	12	5650,0
16	-42.75	28.25	12	5650,0
16	-42.75	27.75	12	5650,0
16	-44.25	27.75	12	5650,0
47	-41.75	30.25	27	5650,0
47	-41.75	30.75	27	5650,0
47	-41.25	30.75	27	5650,0
47	-40.75	30.25	27	5650,0
47	-40.75	29.75	27	5650,0
47	-41.25	29.75	27	5650,0
47	-41.75	30.25	27	5650,0
113	-40.75	31.25	69	5650,0
113	-40.75	31.75	69	5650,0
113	-40.25	31.75	69	5650,0
113	-40.25	31.25	69	5650,0
113	-40.75	31.25	69	5650,0
95	-39.75	32.25	59	5650,0
95	-39.75	32.75	59	5650,0
95	-39.25	32.75	59	5650,0
95	-39.25	32.25	59	5650,0
95	-39.75	32.25	59	5650,0
103	-38.75	33.25	60	5650,0
103	-38.75	33.75	60	5650,0
103	-38.25	33.75	60	5650,0
103	-38.25	33.25	60	5650,0
103	-38.75	33.25	60	5650,0
74	-37.25	34.75	41	5650,0
74	-37.25	35.25	41	5650,0
74	-36.75	35.75	41	5650,0
74	-36.25	35.75	41	5650,0
74	-35.75	35.25	41	5650,0
74	-35.75	34.75	41	5650,0
74	-37.25	34.75	41	5650,0
105	-34.25	37.75	62	5650,0
105	-34.25	38.25	62	5650,0
105	-33.75	38.25	62	5650,0
105	-33.25	37.75	62	5650,0
105	-33.25	37.25	62	5650,0
105	-33.75	37.25	62	5650,0
105	-34.25	37.75	62	5650,0
75	-32.75	39.25	42	5650,0
75	-32.75	39.75	42	5650,0
75	-32.25	40.25	42	5650,0
75	-31.75	40.25	42	5650,0
75	-31.25	39.75	42	5650,0
75	-31.25	39.25	42	5650,0
75	-31.75	38.75	42	5650,0
75	-32.25	38.75	42	5650,0
75	-32.75	39.25	42	5650,0
148	-20.25	0.75	92	5600,0
148	-20.25	1.25	92	5600,0
148	-19.75	1.25	92	5600,0
148	-19.75	0.75	92	5600,0
148	-20.25	0.75	92	5600,0
143	1.25	22.25	9	5600,0
143	1.25	22.75	9	5600,0
143	2.25	23.75	9	5600,0
143	3.25	23.75	9	5600,0
143	3.75	24.25	9	5600,0
143	4.25	24.25	9	5600,0
143	4.25	23.25	9	5600,0
143	5.25	22.25	9	5600,0
143	5.25	20.75	9	5600,0
143	4.75	20.75	9	5600,0
143	3.75	21.75	9	5600,0
143	3.75	22.75	9	5600,0
143	2.25	22.75	9	5600,0
143	1.75	22.25	9	5600,0
143	1.25	22.25	9	5600,0
143	-44.75	22.25	9	5650,0
143	-44.75	22.75	9	5650,0
143	-44.25	22.75	9	5650,0
143	-43.25	21.75	9	5650,0
143	-43.25	20.25	9	5650,0
143	-44.25	19.25	9	5650,0
143	-44.75	19.25	9	5650,0
143	-44.75	22.25	9	5650,0
11	4.25	25.25	108	5600,0
11	4.25	25.75	108	5600,0
11	4.75	25.75	108	5600,0
11	4.75	25.25	108	5600,0
11	4.25	25.25	108	5600,0
123	-43.75	27.25	75	5650,0
123	-43.75	27.75	75	5650,0
123	-43.25	27.75	75	5650,0
123	-43.25	27.25	75	5650,0
123	-43.75	27.25	75	5650,0
104	-42.75	28.25	61	5650,0
104	-42.75	28.75	61	5650,0
104	-42.25	28.75	61	5650,0
104	-42.25	28.25	61	5650,0
104	-42.75	28.25	61	5650,0
85	-42.25	28.75	5	5650,0
85	-42.25	29.25	5	5650,0
85	-40.75	29.25	5	5650,0
85	-40.25	28.75	5	5650,0
85	-39.75	28.75	5	5650,0
85	-39.75	29.75	5	5650,0
85	-39.25	30.25	5	5650,0
85	-38.75	30.25	5	5650,0
85	-38.75	29.75	5	5650,0
85	-39.25	29.25	5	5650,0
85	-39.25	28.25	5	5650,0
85	-40.25	27.25	5	5650,0
85	-40.75	27.25	5	5650,0
85	-40.75	28.25	5	5650,0
85	-41.75	28.25	5	5650,0
85	-42.25	28.75	5	5650,0
1	-35.75	35.25	1	5650,0
1	-35.75	35.75	1	5650,0
1	-35.25	35.75	1	5650,0
1	-34.75	35.25	1	5650,0
1	-33.25	35.25	1	5650,0
1	-33.25	36.25	1	5650,0
1	-32.75	36.25	1	5650,0
1	-32.75	34.75	1	5650,0
1	-33.25	34.25	1	5650,0
1	-34.75	34.25	1	5650,0
1	-35.75	35.25	1	5650,0
66	-35.25	35.75	35	5650,0
66	-35.25	36.25	35	5650,0
66	-34.75	36.75	35	5650,0
66	-33.25	36.75	35	5650,0
66	-33.25	36.25	35	5650,0
66	-34.25	35.25	35	5650,0
66	-34.75	35.25	35	5650,0
66	-35.25	35.75	35	5650,0
15	-33.25	37.75	110	5650,0
15	-33.25	38.25	110	5650,0
15	-32.75	38.25	110	5650,0
15	-32.75	37.75	110	5650,0
15	-33.25	37.75	110	5650,0
40	-32.75	38.25	24	5650,0
40	-32.75	38.75	24	5650,0
40	-32.25	38.75	24	5650,0
40	-31.75	38.25	24	5650,0
40	-31.75	37.75	24	5650,0
40	-32.25	37.25	24	5650,0
40	-32.75	37.25	24	5650,0
40	-32.75	38.25	24	5650,0
64	-15.25	4.75	33	5600,0
64	-15.25	5.25	33	5600,0
64	-14.75	5.25	33	5600,0
64	-11.75	2.25	33	5600,0
64	-11.75	1.75	33	5600,0
64	-12.25	1.75	33	5600,0
64	-15.25	4.75	33	5600,0
62	-14.25	5.75	31	5600,0
62	-14.25	6.25	31	5600,0
62	-13.75	6.75	31	5600,0
62	-13.25	6.75	31	5600,0
62	-13.25	5.25	31	5600,0
62	-13.75	5.25	31	5600,0
62	-14.25	5.75	31	5600,0
92	-12.25	7.75	56	5600,0
92	-12.25	8.25	56	5600,0
92	-11.75	8.25	56	5600,0
92	-11.25	7.75	56	5600,0
92	-11.25	7.25	56	5600,0
92	-11.75	7.25	56	5600,0
92	-12.25	7.75	56	5600,0
13	-2.75	17.25	11	5600,0
13	-2.75	17.75	11	5600,0
13	-2.25	18.25	11	5600,0
13	-1.75	18.25	11	5600,0
13	-1.75	17.75	11	5600,0
13	-2.25	17.25	11	5600,0
13	-2.75	17.25	11	5600,0
14	-2.75	15.25	11	5600,0
14	-2.75	15.75	11	5600,0
14	-2.25	15.75	11	5600,0
14	-1.75	15.25	11	5600,0
14	-1.25	15.25	11	5600,0
14	-1.25	17.25	11	5600,0
14	0.75	19.25	11	5600,0
14	1.75	19.25	11	5600,0
14	2.25	19.75	11	5600,0
14	3.25	19.75	11	5600,0
14	3.75	20.25	11	5600,0
14	4.25	20.25	11	5600,0
14	4.25	19.75	11	5600,0
14	2.75	18.25	11	5600,0
14	2.75	17.25	11	5600,0
14	1.75	17.25	11	5600,0
14	0.25	15.75	11	5600,0
14	0.25	14.75	11	5600,0
14	-0.25	14.25	11	5600,0
14	-1.25	14.25	11	5600,0
14	-2.25	13.25	11	5600,0
14	-2.25	11.25	11	5600,0
14	-2.75	10.75	11	5600,0
14	-3.25	10.75	11	5600,0
14	-3.25	11.75	11	5600,0
14	-4.25	11.75	11	5600,0
14	-4.25	13.25	11	5600,0
14	-3.25	13.25	11	5600,0
14	-2.75	13.75	11	5600,0
14	-2.75	15.25	11	5600,0
19	4.25	24.25	15	5600,0
19	4.25	24.75	15	5600,0
19	4.75	24.75	15	5600,0
19	5.25	24.25	15	5600,0
19	5.25	23.75	15	5600,0
19	4.75	23.75	15	5600,0
19	4.25	24.25	15	5600,0
19	-44.75	24.25	15	5650,0
19	-44.75	24.75	15	5650,0
19	-44.25	25.25	15	5650,0
19	-43.75	25.25	15	5650,0
19	-43.75	24.75	15	5650,0
19	-44.25	24.25	15	5650,0
19	-44.75	24.25	15	5650,0
91	-36.25	33.75	55	5650,0
91	-36.25	34.25	55	5650,0
91	-35.75	34.75	55	5650,0
91	-35.25	34.75	55	5650,0
91	-35.25	34.25	55	5650,0
91	-35.75	33.75	55	5650,0
91	-36.25	33.75	55	5650,0
128	-33.25	36.75	8	5650,0
128	-33.25	37.25	8	5650,0
128	-32.75	37.25	8	5650,0
128	-31.75	36.25	8	5650,0
128	-31.75	33.75	8	5650,0
128	-32.75	33.75	8	5650,0
128	-32.75	32.25	8	5650,0
128	-32.25	31.75	8	5650,0
128	-32.25	31.25	8	5650,0
128	-32.75	30.75	8	5650,0
128	-33.25	30.75	8	5650,0
128	-34.75	32.25	8	5650,0
128	-34.75	33.75	8	5650,0
128	-34.25	34.25	8	5650,0
128	-33.25	34.25	8	5650,0
128	-32.75	34.75	8	5650,0
128	-32.75	36.25	8	5650,0
128	-33.25	36.75	8	5650,0
129	-30.75	29.25	8	5650,0
129	-30.75	29.75	8	5650,0
129	-29.75	29.75	8	5650,0
129	-29.25	30.25	8	5650,0
129	-28.75	30.25	8	5650,0
129	-28.75	29.25	8	5650,0
129	-28.25	29.25	8	5650,0
129	-27.25	30.25	8	5650,0
129	-27.25	30.75	8	5650,0
129	-28.25	30.75	8	5650,0
129	-28.25	31.25	8	5650,0
129	-27.75	31.75	8	5650,0
129	-27.25	31.75	8	5650,0
129	-26.75	31.25	8	5650,0
129	-26.25	31.25	8	5650,0
129	-26.25	32.25	8	5650,0
129	-25.25	32.25	8	5650,0
129	-24.75	32.75	8	5650,0
129	-24.25	32.75	8	5650,0
129	-23.75	32.25	8	5650,0
129	-23.75	31.75	8	5650,0
129	-24.25	31.25	8	5650,0
129	-24.25	29.25	8	5650,0
129	-25.25	29.25	8	5650,0
129	-25.25	28.75	8	5650,0
129	-24.75	28.25	8	5650,0
129	-23.25	28.25	8	5650,0
129	-22.75	28.75	8	5650,0
129	-22.25	28.75	8	5650,0
129	-22.25	28.25	8	5650,0
129	-22.75	27.75	8	5650,0
129	-22.75	26.75	8	5650,0
129	-23.25	26.75	8	5650,0
129	-23.75	27.25	8	5650,0
129	-24.25	27.25	8	5650,0
129	-24.25	26.75	8	5650,0
129	-23.25	25.75	8	5650,0
129	-22.75	25.75	8	5650,0
129	-22.25	26.25	8	5650,0
129	-21.75	26.25	8	5650,0
129	-21.75	25.25	8	5650,0
129	-21.25	24.75	8	5650,0
129	-21.25	24.25	8	5650,0
129	-21.75	23.75	8	5650,0
129	-21.75	23.25	8	5650,0
129	-20.75	23.25	8	5650,0
129	-20.25	22.75	8	5650,0
129	-19.25	22.75	8	5650,0
129	-19.25	21.75	8	5650,0
129	-16.75	21.75	8	5650,0
129	-16.75	22.25	8	5650,0
129	-17.25	22.75	8	5650,0
129	-17.25	23.25	8	5650,0
129	-16.75	23.25	8	5650,0
129	-15.25	21.75	8	5650,0
129	-15.25	21.25	8	5650,0
129	-16.25	21.25	8	5650,0
129	-17.25	20.25	8	5650,0
129	-17.25	19.75	8	5650,0
129	-15.75	19.75	8	5650,0
129	-14.75	20.75	8	5650,0
129	-14.25	20.75	8	5650,0
129	-14.25	20.25	8	5650,0
129	-14.75	19.75	8	5650,0
129	-14.75	18.75	8	5650,0
129	-15.25	18.25	8	5650,0
129	-15.25	17.75	8	5650,0
129	-13.25	17.75	8	5650,0
129	-13.25	16.25	8	5650,0
129	-13.75	16.25	8	5650,0
129	-14.25	16.75	8	5650,0
129	-15.25	16.75	8	5650,0
129	-15.75	17.25	8	5650,0
129	-16.25	17.25	8	5650,0
129	-16.25	16.75	8	5650,0
129	-15.75	16.25	8	5650,0
129	-15.75	15.75	8	5650,0
129	-17.75	15.75	8	5650,0
129	-17.75	14.75	8	5650,0
129	-19.25	13.25	8	5650,0
129	-19.25	12.25	8	5650,0
129	-19.75	11.75	8	5650,0
129	-20.25	11.75	8	5650,0
129	-20.25	12.75	8	5650,0
129	-20.75	13.25	8	5650,0
129	-22.25	13.25	8	5650,0
129	-22.25	12.75	8	5650,0
129	-21.25	11.75	8	5650,0
129	-21.25	10.75	8	5650,0
129	-20.75	10.25	8	5650,0
129	-20.25	10.25	8	5650,0
129	-19.75	10.75	8	5650,0
129	-18.25	10.75	8	5650,0
129	-18.25	10.25	8	5650,0
129	-18.75	9.75	8	5650,0
129	-19.75	9.75	8	5650,0
129	-21.25	8.25	8	5650,0
129	-21.75	8.25	8	5650,0
129	-21.75	9.25	8	5650,0
129	-22.25	9.75	8	5650,0
129	-23.25	9.75	8	5650,0
129	-24.25	10.75	8	5650,0
129	-24.75	10.75	8	5650,0
129	-26.25	9.25	8	5650,0
129	-26.75	9.25	8	5650,0
129	-26.75	9.75	8	5650,0
129	-25.75	10.75	8	5650,0
129	-25.75	11.25	8	5650,0
129	-27.25	12.75	8	5650,0
129	-27.75	12.75	8	5650,0
129	-27.75	12.25	8	5650,0
129	-26.75	11.25	8	5650,0
129	-26.75	10.75	8	5650,0
129	-27.25	10.25	8	5650,0
129	-27.75	10.25	8	5650,0
129	-28.25	10.75	8	5650,0
129	-28.25	11.75	8	5650,0
129	-28.75	12.25	8	5650,0
129	-28.75	14.75	8	5650,0
129	-28.25	15.25	8	5650,0
129	-28.25	16.25	8	5650,0
129	-27.75	16.75	8	5650,0
129	-27.75	17.25	8	5650,0
129	-31.75	17.25	8	5650,0
129	-31.75	17.75	8	5650,0
129	-30.75	18.75	8	5650,0
129	-30.75	19.25	8	5650,0
129	-31.25	19.25	8	5650,0
129	-32.25	18.25	8	5650,0
129	-33.25	18.25	8	5650,0
129	-33.75	17.75	8	5650,0
129	-34.25	17.75	8	5650,0
129	-34.25	20.25	8	5650,0
129	-33.75	20.75	8	5650,0
129	-33.25	20.75	8	5650,0
129	-33.25	19.75	8	5650,0
129	-31.75	19.75	8	5650,0
129	-31.75	20.25	8	5650,0
129	-32.25	20.75	8	5650,0
129	-32.25	21.25	8	5650,0
129	-31.75	21.25	8	5650,0
129	-31.25	20.75	8	5650,0
129	-30.25	20.75	8	5650,0
129	-30.25	19.75	8	5650,0
129	-29.25	19.75	8	5650,0
129	-28.75	19.25	8	5650,0
129	-28.75	18.25	8	5650,0
129	-28.25	18.25	8	5650,0
129	-27.25	19.25	8	5650,0
129	-27.25	19.75	8	5650,0
129	-27.75	20.25	8	5650,0
129	-28.75	20.25	8	5650,0
129	-28.75	20.75	8	5650,0
129	-28.25	21.25	8	5650,0
129	-27.75	21.25	8	5650,0
129	-27.25	20.75	8	5650,0
129	-26.75	20.75	8	5650,0
129	-26.75	22.75	8	5650,0
129	-24.75	22.75	8	5650,0
129	-24.75	23.75	8	5650,0
129	-24.25	24.25	8	5650,0
129	-24.25	24.75	8	5650,0
129	-25.25	25.75	8	5650,0
129	-25.25	26.75	8	5650,0
129	-27.75	26.75	8	5650,0
129	-28.25	26.25	8	5650,0
129	-28.25	25.75	8	5650,0
129	-27.25	25.75	8	5650,0
129	-27.25	25.25	8	5650,0
129	-28.25	24.25	8	5650,0
129	-28.75	24.25	8	5650,0
129	-29.25	24.75	8	5650,0
129	-29.25	25.75	8	5650,0
129	-29.75	26.25	8	5650,0
129	-30.25	26.25	8	5650,0
129	-31.25	25.25	8	5650,0
129	-31.75	25.25	8	5650,0
129	-32.25	25.75	8	5650,0
129	-32.25	26.25	8	5650,0
129	-31.75	26.75	8	5650,0
129	-30.75	26.75	8	5650,0
129	-30.75	27.25	8	5650,0
129	-31.25	27.75	8	5650,0
129	-31.25	28.25	8	5650,0
129	-30.75	28.75	8	5650,0
129	-30.75	29.25	8	5650,0
130	-23.25	23.75	8	5650,0
130	-23.25	24.25	8	5650,0
130	-22.75	24.25	8	5650,0
130	-22.25	23.75	8	5650,0
130	-22.25	23.25	8	5650,0
130	-22.75	23.25	8	5650,0
130	-23.25	23.75	8	5650,0
131	-20.25	20.75	8	5650,0
131	-20.25	21.25	8	5650,0
131	-19.75	21.25	8	5650,0
131	-19.25	20.75	8	5650,0
131	-18.25	20.75	8	5650,0
131	-18.25	19.25	8	5650,0
131	-19.75	19.25	8	5650,0
131	-20.25	19.75	8	5650,0
131	-20.25	20.75	8	5650,0
112	-12.75	6.25	68	5600,0
112	-12.75	6.75	68	5600,0
112	-12.25	6.75	68	5600,0
112	-12.25	6.25	68	5600,0
112	-12.75	6.25	68	5600,0
76	-11.25	7.75	43	5600,0
76	-11.25	8.25	43	5600,0
76	-10.75	8.25	43	5600,0
76	-10.75	7.75	43	5600,0
76	-11.25	7.75	43	5600,0
121	-9.75	9.25	73	5600,0
121	-9.75	9.75	73	5600,0
121	-9.25	10.25	73	5600,0
121	-8.75	10.25	73	5600,0
121	-8.75	9.75	73	5600,0
121	-9.25	9.25	73	5600,0
121	-9.75	9.25	73	5600,0
142	-8.25	10.75	89	5600,0
142	-8.25	11.25	89	5600,0
142	-7.75	11.25	89	5600,0
142	-7.75	10.75	89	5600,0
142	-8.25	10.75	89	5600,0
80	-7.75	11.25	46	5600,0
80	-7.75	11.75	46	5600,0
80	-7.25	11.75	46	5600,0
80	-7.25	11.25	46	5600,0
80	-7.75	11.25	46	5600,0
138	-5.75	13.25	85	5600,0
138	-5.75	13.75	85	5600,0
138	-5.25	13.75	85	5600,0
138	-5.25	13.25	85	5600,0
138	-5.75	13.25	85	5600,0
137	-3.25	15.75	84	5600,0
137	-3.25	16.25	84	5600,0
137	-2.75	16.25	84	5600,0
137	-2.75	15.75	84	5600,0
137	-3.25	15.75	84	5600,0
78	-2.25	16.75	45	5600,0
78	-2.25	17.25	45	5600,0
78	-1.75	17.25	45	5600,0
78	-1.75	16.75	45	5600,0
78	-2.25	16.75	45	5600,0
79	-1.25	17.75	45	5600,0
79	-1.25	18.25	45	5600,0
79	-0.75	18.25	45	5600,0
79	-0.75	17.75	45	5600,0
79	-1.25	17.75	45	5600,0
118	-0.75	18.25	70	5600,0
118	-0.75	18.75	70	5600,0
118	0.75	20.25	70	5600,0
118	1.25	20.25	70	5600,0
118	1.25	19.75	70	5600,0
118	-0.25	18.25	70	5600,0
118	-0.75	18.25	70	5600,0
31	1.25	20.25	21	5600,0
31	1.25	20.75	21	5600,0
31	1.75	20.75	21	5600,0
31	1.75	20.25	21	5600,0
31	1.25	20.25	21	5600,0
32	2.25	21.25	21	5600,0
32	2.25	21.75	21	5600,0
32	2.75	21.75	21	5600,0
32	3.25	21.25	21	5600,0
32	3.25	20.75	21	5600,0
32	2.75	20.75	21	5600,0
32	2.25	21.25	21	5600,0
4	-43.75	25.25	101	5650,0
4	-43.75	25.75	101	5650,0
4	-43.25	25.75	101	5650,0
4	-43.25	25.25	101	5650,0
4	-43.75	25.25	101	5650,0
51	-42.75	26.25	29	5650,0
51	-42.75	26.75	29	5650,0
51	-42.25	27.25	29	5650,0
51	-41.75	27.25	29	5650,0
51	-41.75	24.75	29	5650,0
51	-42.25	24.75	29	5650,0
51	-42.75	25.25	29	5650,0
51	-42.75	26.25	29	5650,0
93	-41.25	27.75	57	5650,0
93	-41.25	28.25	57	5650,0
93	-40.75	28.25	57	5650,0
93	-40.75	27.75	57	5650,0
93	-41.25	27.75	57	5650,0
109	-38.75	30.25	66	5650,0
109	-38.75	30.75	66	5650,0
109	-37.25	30.75	66	5650,0
109	-37.25	30.25	66	5650,0
109	-37.75	29.75	66	5650,0
109	-38.25	29.75	66	5650,0
109	-38.75	30.25	66	5650,0
9	-36.75	32.25	106	5650,0
9	-36.75	32.75	106	5650,0
9	-36.25	32.75	106	5650,0
9	-36.25	32.25	106	5650,0
9	-36.75	32.25	106	5650,0
48	-32.25	36.75	28	5650,0
48	-32.25	37.25	28	5650,0
48	-31.75	37.75	28	5650,0
48	-31.25	37.75	28	5650,0
48	-31.25	36.75	28	5650,0
48	-30.75	36.75	28	5650,0
48	-29.75	37.75	28	5650,0
48	-29.25	37.75	28	5650,0
48	-27.75	36.25	28	5650,0
48	-27.75	35.75	28	5650,0
48	-28.25	35.75	28	5650,0
48	-29.25	36.75	28	5650,0
48	-29.75	36.75	28	5650,0
48	-29.75	35.25	28	5650,0
48	-28.75	35.25	28	5650,0
48	-28.75	34.75	28	5650,0
48	-29.25	34.25	28	5650,0
48	-29.75	34.25	28	5650,0
48	-30.25	34.75	28	5650,0
48	-30.75	34.75	28	5650,0
48	-30.75	32.75	28	5650,0
48	-32.25	32.75	28	5650,0
48	-32.75	33.25	28	5650,0
48	-32.75	33.75	28	5650,0
48	-31.75	33.75	28	5650,0
48	-31.75	34.75	28	5650,0
48	-31.25	35.25	28	5650,0
48	-31.25	35.75	28	5650,0
48	-32.25	36.75	28	5650,0
49	-26.25	33.75	28	5650,0
49	-26.25	34.25	28	5650,0
49	-25.75	34.25	28	5650,0
49	-24.75	33.25	28	5650,0
49	-24.75	32.75	28	5650,0
49	-25.25	32.25	28	5650,0
49	-26.25	32.25	28	5650,0
49	-26.25	31.25	28	5650,0
49	-26.75	31.25	28	5650,0
49	-27.25	31.75	28	5650,0
49	-27.25	32.25	28	5650,0
49	-26.25	33.25	28	5650,0
49	-26.25	33.75	28	5650,0
50	-28.75	30.25	28	5650,0
50	-28.75	30.75	28	5650,0
50	-27.25	30.75	28	5650,0
50	-27.25	30.25	28	5650,0
50	-27.75	29.75	28	5650,0
50	-28.25	29.75	28	5650,0
50	-28.75	30.25	28	5650,0
18	-31.25	37.75	14	5650,0
18	-31.25	38.25	14	5650,0
18	-29.75	38.25	14	5650,0
18	-29.75	37.75	14	5650,0
18	-30.75	36.75	14	5650,0
18	-31.25	36.75	14	5650,0
18	-31.25	37.75	14	5650,0
144	-43.25	17.75	9	5650,0
144	-43.25	18.25	9	5650,0
144	-42.75	18.25	9	5650,0
144	-42.75	17.75	9	5650,0
144	-43.25	17.75	9	5650,0
145	-41.75	18.25	9	5650,0
145	-41.75	18.75	9	5650,0
145	-41.25	18.75	9	5650,0
145	-41.25	18.25	9	5650,0
145	-41.75	18.25	9	5650,0
8	-31.75	35.25	105	5650,0
8	-31.75	35.75	105	5650,0
8	-31.25	35.75	105	5650,0
8	-31.25	35.25	105	5650,0
8	-31.75	35.25	105	5650,0
12	-16.25	-0.25	109	5600,0
12	-16.25	0.25	109	5600,0
12	-15.75	0.25	109	5600,0
12	-15.75	-0.25	109	5600,0
12	-16.25	-0.25	109	5600,0
67	-15.75	0.25	36	5600,0
67	-15.75	0.75	36	5600,0
67	-14.25	0.75	36	5600,0
67	-13.75	0.25	36	5600,0
67	-13.75	-0.25	36	5600,0
67	-15.25	-0.25	36	5600,0
67	-15.75	0.25	36	5600,0
90	-15.25	0.75	54	5600,0
90	-15.25	1.25	54	5600,0
90	-14.75	1.25	54	5600,0
90	-14.75	0.75	54	5600,0
90	-15.25	0.75	54	5600,0
152	-12.75	3.25	96	5600,0
152	-12.75	3.75	96	5600,0
152	-12.25	3.75	96	5600,0
152	-11.25	2.75	96	5600,0
152	-11.25	2.25	96	5600,0
152	-11.75	2.25	96	5600,0
152	-12.75	3.25	96	5600,0
153	-10.25	-0.25	96	5600,0
153	-10.25	0.25	96	5600,0
153	-9.75	0.75	96	5600,0
153	-9.25	0.75	96	5600,0
153	-9.25	0.25	96	5600,0
153	-9.75	-0.25	96	5600,0
153	-10.25	-0.25	96	5600,0
68	-12.25	3.75	37	5600,0
68	-12.25	4.25	37	5600,0
68	-7.25	9.25	37	5600,0
68	-6.75	9.25	37	5600,0
68	-5.75	8.25	37	5600,0
68	-5.75	7.75	37	5600,0
68	-8.75	4.75	37	5600,0
68	-9.75	4.75	37	5600,0
68	-10.25	4.25	37	5600,0
68	-10.25	3.25	37	5600,0
68	-10.75	2.75	37	5600,0
68	-11.25	2.75	37	5600,0
68	-12.25	3.75	37	5600,0
69	-9.25	0.75	37	5600,0
69	-9.25	1.25	37	5600,0
69	-8.75	1.25	37	5600,0
69	-8.75	0.75	37	5600,0
69	-9.25	0.75	37	5600,0
77	-29.75	36.25	44	5650,0
77	-29.75	36.75	44	5650,0
77	-29.25	36.75	44	5650,0
77	-28.25	35.75	44	5650,0
77	-28.25	35.25	44	5650,0
77	-29.75	35.25	44	5650,0
77	-29.75	36.25	44	5650,0
61	-32.75	32.25	30	5650,0
61	-32.75	32.75	30	5650,0
61	-31.25	32.75	30	5650,0
61	-31.25	32.25	30	5650,0
61	-31.75	31.75	30	5650,0
61	-32.25	31.75	30	5650,0
61	-32.75	32.25	30	5650,0
86	-30.75	34.25	50	5650,0
86	-30.75	34.75	50	5650,0
86	-30.25	34.75	50	5650,0
86	-29.75	34.25	50	5650,0
86	-29.75	33.75	50	5650,0
86	-30.25	33.75	50	5650,0
86	-30.75	34.25	50	5650,0
110	-10.25	3.75	67	5600,0
110	-10.25	4.25	67	5600,0
110	-9.75	4.75	67	5600,0
110	-9.25	4.75	67	5600,0
110	-9.25	4.25	67	5600,0
110	-9.75	3.75	67	5600,0
110	-10.25	3.75	67	5600,0
111	-8.75	1.25	67	5600,0
111	-8.75	1.75	67	5600,0
111	-4.25	6.25	67	5600,0
111	-3.75	6.25	67	5600,0
111	-3.75	5.75	67	5600,0
111	-8.25	1.25	67	5600,0
111	-8.75	1.25	67	5600,0
94	-30.75	33.25	58	5650,0
94	-30.75	33.75	58	5650,0
94	-30.25	33.75	58	5650,0
94	-30.25	33.25	58	5650,0
94	-30.75	33.25	58	5650,0
119	0.25	13.25	71	5600,0
119	0.25	13.75	71	5600,0
119	0.75	13.75	71	5600,0
119	0.75	13.25	71	5600,0
119	0.25	13.25	71	5600,0
70	-38.75	21.25	38	5650,0
70	-38.75	21.75	38	5650,0
70	-38.25	21.75	38	5650,0
70	-38.25	21.25	38	5650,0
70	-38.75	21.25	38	5650,0
120	-38.25	21.75	72	5650,0
120	-38.25	22.25	72	5650,0
120	-37.75	22.25	72	5650,0
120	-37.75	21.75	72	5650,0
120	-38.25	21.75	72	5650,0
89	-35.75	24.25	53	5650,0
89	-35.75	24.75	53	5650,0
89	-35.25	24.75	53	5650,0
89	-35.25	24.25	53	5650,0
89	-35.75	24.25	53	5650,0
88	-34.25	25.75	52	5650,0
88	-34.25	26.25	52	5650,0
88	-33.75	26.25	52	5650,0
88	-33.75	25.75	52	5650,0
88	-34.25	25.75	52	5650,0
135	-33.25	26.75	82	5650,0
135	-33.25	27.25	82	5650,0
135	-32.75	27.75	82	5650,0
135	-32.25	27.75	82	5650,0
135	-32.25	27.25	82	5650,0
135	-32.75	26.75	82	5650,0
135	-33.25	26.75	82	5650,0
155	-31.25	28.75	98	5650,0
155	-31.25	29.25	98	5650,0
155	-30.75	29.25	98	5650,0
155	-30.75	28.75	98	5650,0
155	-31.25	28.75	98	5650,0
132	-29.75	30.25	80	5650,0
132	-29.75	30.75	80	5650,0
132	-29.25	30.75	80	5650,0
132	-29.25	30.25	80	5650,0
132	-29.75	30.25	80	5650,0
133	-28.75	31.25	80	5650,0
133	-28.75	31.75	80	5650,0
133	-28.25	31.75	80	5650,0
133	-28.25	31.25	80	5650,0
133	-28.75	31.25	80	5650,0
151	-28.25	31.75	95	5650,0
151	-28.25	32.25	95	5650,0
151	-27.25	33.25	95	5650,0
151	-26.75	33.25	95	5650,0
151	-26.75	32.75	95	5650,0
151	-27.75	31.75	95	5650,0
151	-28.25	31.75	95	5650,0
150	-9.25	-0.25	94	5600,0
150	-9.25	0.25	94	5600,0
150	-8.75	0.25	94	5600,0
150	-8.75	-0.25	94	5600,0
150	-9.25	-0.25	94	5600,0
27	-8.75	0.25	2	5600,0
27	-8.75	0.75	2	5600,0
27	-8.25	1.25	2	5600,0
27	-6.75	1.25	2	5600,0
27	-6.75	0.75	2	5600,0
27	-7.75	-0.25	2	5600,0
27	-8.25	-0.25	2	5600,0
27	-8.75	0.25	2	5600,0
108	-7.75	1.25	65	5600,0
108	-7.75	1.75	65	5600,0
108	-5.25	4.25	65	5600,0
108	-4.75	4.25	65	5600,0
108	-4.75	2.75	65	5600,0
108	-6.25	1.25	65	5600,0
108	-7.75	1.25	65	5600,0
84	-4.75	4.25	49	5600,0
84	-4.75	4.75	49	5600,0
84	-3.75	5.75	49	5600,0
84	-3.25	5.75	49	5600,0
84	-2.75	5.25	49	5600,0
84	-2.75	4.75	49	5600,0
84	-4.25	3.25	49	5600,0
84	-4.75	3.25	49	5600,0
84	-4.75	4.25	49	5600,0
136	-7.25	-0.25	83	5600,0
136	-7.25	0.25	83	5600,0
136	-5.75	1.75	83	5600,0
136	-5.25	1.75	83	5600,0
136	-4.25	0.75	83	5600,0
136	-2.75	0.75	83	5600,0
136	-2.25	1.25	83	5600,0
136	-1.75	1.25	83	5600,0
136	-1.25	0.75	83	5600,0
136	1.75	0.75	83	5600,0
136	2.25	0.25	83	5600,0
136	2.25	-0.25	83	5600,0
136	-7.25	-0.25	83	5600,0
25	-5.25	1.75	18	5600,0
25	-5.25	2.25	18	5600,0
25	-3.25	4.25	18	5600,0
25	-2.75	4.25	18	5600,0
25	-2.75	3.25	18	5600,0
25	-1.75	2.25	18	5600,0
25	-0.75	2.25	18	5600,0
25	-0.25	1.75	18	5600,0
25	0.75	1.75	18	5600,0
25	1.25	1.25	18	5600,0
25	1.25	0.75	18	5600,0
25	-1.25	0.75	18	5600,0
25	-1.75	1.25	18	5600,0
25	-2.25	1.25	18	5600,0
25	-2.75	0.75	18	5600,0
25	-4.25	0.75	18	5600,0
25	-5.25	1.75	18	5600,0
63	-2.75	4.25	32	5600,0
63	-2.75	4.75	32	5600,0
63	-2.25	4.75	32	5600,0
63	0.25	2.25	32	5600,0
63	0.25	1.75	32	5600,0
63	-0.25	1.75	32	5600,0
63	-0.75	2.25	32	5600,0
63	-1.75	2.25	32	5600,0
63	-2.75	3.25	32	5600,0
63	-2.75	4.25	32	5600,0
72	-24.25	30.75	4	5650,0
72	-24.25	31.25	4	5650,0
72	-23.75	31.75	4	5650,0
72	-23.25	31.75	4	5650,0
72	4.75	3.75	4	5650,0
72	4.75	0.25	4	5650,0
72	4.25	-0.25	4	5650,0
72	-10.25	-0.25	4	5650,0
72	-19.75	9.25	4	5650,0
72	-19.75	9.75	4	5650,0
72	-18.75	9.75	4	5650,0
72	-18.25	10.25	4	5650,0
72	-18.25	10.75	4	5650,0
72	-19.75	10.75	4	5650,0
72	-20.25	10.25	4	5650,0
72	-20.75	10.25	4	5650,0
72	-21.25	10.75	4	5650,0
72	-21.25	11.75	4	5650,0
72	-22.25	12.75	4	5650,0
72	-22.25	13.25	4	5650,0
72	-20.75	13.25	4	5650,0
72	-20.25	12.75	4	5650,0
72	-20.25	11.75	4	5650,0
72	-19.75	11.75	4	5650,0
72	-19.25	12.25	4	5650,0
72	-19.25	13.25	4	5650,0
72	-17.75	14.75	4	5650,0
72	-17.75	15.75	4	5650,0
72	-15.75	15.75	4	5650,0
72	-15.75	16.25	4	5650,0
72	-16.25	16.75	4	5650,0
72	-16.25	17.25	4	5650,0
72	-15.75	17.25	4	5650,0
72	-15.25	16.75	4	5650,0
72	-14.25	16.75	4	5650,0
72	-13.75	16.25	4	5650,0
72	-13.25	16.25	4	5650,0
72	-13.25	17.75	4	5650,0
72	-15.25	17.75	4	5650,0
72	-15.25	18.25	4	5650,0
72	-14.75	18.75	4	5650,0
72	-14.75	19.75	4	5650,0
72	-14.25	20.25	4	5650,0
72	-14.25	20.75	4	5650,0
72	-14.75	20.75	4	5650,0
72	-15.75	19.75	4	5650,0
72	-17.25	19.75	4	5650,0
72	-17.25	20.25	4	5650,0
72	-16.25	21.25	4	5650,0
72	-15.25	21.25	4	5650,0
72	-15.25	21.75	4	5650,0
72	-16.75	23.25	4	5650,0
72	-17.25	23.25	4	5650,0
72	-17.25	22.75	4	5650,0
72	-16.75	22.25	4	5650,0
72	-16.75	21.75	4	5650,0
72	-19.25	21.75	4	5650,0
72	-19.25	22.75	4	5650,0
72	-20.25	22.75	4	5650,0
72	-20.75	23.25	4	5650,0
72	-21.75	23.25	4	5650,0
72	-21.75	23.75	4	5650,0
72	-21.25	24.25	4	5650,0
72	-21.25	24.75	4	5650,0
72	-21.75	25.25	4	5650,0
72	-21.75	26.25	4	5650,0
72	-22.25	26.25	4	5650,0
72	-22.75	25.75	4	5650,0
72	-23.25	25.75	4	5650,0
72	-24.25	26.75	4	5650,0
72	-24.25	27.25	4	5650,0
72	-23.75	27.25	4	5650,0
72	-23.25	26.75	4	5650,0
72	-22.75	26.75	4	5650,0
72	-22.75	27.75	4	5650,0
72	-22.25	28.25	4	5650,0
72	-22.25	28.75	4	5650,0
72	-22.75	28.75	4	5650,0
72	-23.25	28.25	4	5650,0
72	-24.75	28.25	4	5650,0
72	-25.25	28.75	4	5650,0
72	-25.25	29.25	4	5650,0
72	-24.25	29.25	4	5650,0
72	-24.25	30.75	4	5650,0
72	-45.25	2.75	4	5700,0
72	-45.25	3.25	4	5700,0
72	-44.75	3.25	4	5700,0
72	-41.75	0.25	4	5700,0
72	-41.75	-0.25	4	5700,0
72	-45.25	-0.25	4	5700,0
72	-45.25	2.75	4	5700,0
17	-23.25	23.75	13	5650,0
17	-23.25	24.25	13	5650,0
17	-22.75	24.25	13	5650,0
17	-22.25	23.75	13	5650,0
17	-22.25	23.25	13	5650,0
17	-22.75	23.25	13	5650,0
17	-23.25	23.75	13	5650,0
127	-20.25	20.75	79	5650,0
127	-20.25	21.25	79	5650,0
127	-19.75	21.25	79	5650,0
127	-19.25	20.75	79	5650,0
127	-18.25	20.75	79	5650,0
127	-18.25	19.25	79	5650,0
127	-19.75	19.25	79	5650,0
127	-20.25	19.75	79	5650,0
127	-20.25	20.75	79	5650,0
2	-29.25	-0.25	10	5650,0
2	-29.25	0.25	10	5650,0
2	-25.75	3.75	10	5650,0
2	-24.75	3.75	10	5650,0
2	-24.25	4.25	10	5650,0
2	-23.75	4.25	10	5650,0
2	-22.75	3.25	10	5650,0
2	-22.75	2.25	10	5650,0
2	-22.25	1.75	10	5650,0
2	-19.25	1.75	10	5650,0
2	-18.25	0.75	10	5650,0
2	-17.75	0.75	10	5650,0
2	-15.75	2.75	10	5650,0
2	-15.25	2.75	10	5650,0
2	-15.25	1.75	10	5650,0
2	-14.25	1.75	10	5650,0
2	-13.75	1.25	10	5650,0
2	-11.75	1.25	10	5650,0
2	-10.75	0.25	10	5650,0
2	-10.75	-0.25	10	5650,0
2	-29.25	-0.25	10	5650,0
154	-25.25	3.75	97	5650,0
154	-25.25	4.25	97	5650,0
154	-24.25	5.25	97	5650,0
154	-22.75	5.25	97	5650,0
154	-21.25	3.75	97	5650,0
154	-21.25	3.25	97	5650,0
154	-21.75	2.75	97	5650,0
154	-21.75	1.75	97	5650,0
154	-22.25	1.75	97	5650,0
154	-22.75	2.25	97	5650,0
154	-22.75	3.25	97	5650,0
154	-23.75	4.25	97	5650,0
154	-24.25	4.25	97	5650,0
154	-24.75	3.75	97	5650,0
154	-25.25	3.75	97	5650,0
156	-23.75	5.25	99	5650,0
156	-23.75	5.75	99	5650,0
156	-20.25	9.25	99	5650,0
156	-19.75	9.25	99	5650,0
156	-17.25	6.75	99	5650,0
156	-17.25	6.25	99	5650,0
156	-18.25	5.25	99	5650,0
156	-18.75	5.25	99	5650,0
156	-18.75	5.75	99	5650,0
156	-18.25	6.25	99	5650,0
156	-18.25	6.75	99	5650,0
156	-18.75	6.75	99	5650,0
156	-19.25	6.25	99	5650,0
156	-19.75	6.25	99	5650,0
156	-19.75	7.25	99	5650,0
156	-20.25	7.75	99	5650,0
156	-20.75	7.75	99	5650,0
156	-20.75	6.75	99	5650,0
156	-21.75	5.75	99	5650,0
156	-21.75	5.25	99	5650,0
156	-19.75	5.25	99	5650,0
156	-19.25	4.75	99	5650,0
156	-19.25	4.25	99	5650,0
156	-21.25	2.25	99	5650,0
156	-21.75	2.25	99	5650,0
156	-21.75	2.75	99	5650,0
156	-21.25	3.25	99	5650,0
156	-21.25	3.75	99	5650,0
156	-22.75	5.25	99	5650,0
156	-23.75	5.25	99	5650,0
71	-20.75	7.25	39	5650,0
71	-20.75	7.75	39	5650,0
71	-20.25	7.75	39	5650,0
71	-19.75	7.25	39	5650,0
71	-19.75	6.25	39	5650,0
71	-19.25	6.25	39	5650,0
71	-18.75	6.75	39	5650,0
71	-18.25	6.75	39	5650,0
71	-18.25	6.25	39	5650,0
71	-18.75	5.75	39	5650,0
71	-18.75	5.25	39	5650,0
71	-18.25	5.25	39	5650,0
71	-17.25	6.25	39	5650,0
71	-16.75	6.25	39	5650,0
71	-16.25	5.75	39	5650,0
71	-16.25	5.25	39	5650,0
71	-17.25	5.25	39	5650,0
71	-17.25	3.25	39	5650,0
71	-18.25	2.25	39	5650,0
71	-18.75	2.25	39	5650,0
71	-19.25	2.75	39	5650,0
71	-20.25	2.75	39	5650,0
71	-20.25	3.25	39	5650,0
71	-19.25	4.25	39	5650,0
71	-19.25	4.75	39	5650,0
71	-19.75	5.25	39	5650,0
71	-21.75	5.25	39	5650,0
71	-21.75	5.75	39	5650,0
71	-20.75	6.75	39	5650,0
71	-20.75	7.25	39	5650,0
73	-21.25	1.75	40	5650,0
73	-21.25	2.25	40	5650,0
73	-20.75	2.75	40	5650,0
73	-19.25	2.75	40	5650,0
73	-18.75	2.25	40	5650,0
73	-18.25	2.25	40	5650,0
73	-17.25	3.25	40	5650,0
73	-17.25	5.25	40	5650,0
73	-15.75	5.25	40	5650,0
73	-12.25	1.75	40	5650,0
73	-12.25	1.25	40	5650,0
73	-13.75	1.25	40	5650,0
73	-14.25	1.75	40	5650,0
73	-15.25	1.75	40	5650,0
73	-15.25	2.75	40	5650,0
73	-15.75	2.75	40	5650,0
73	-17.75	0.75	40	5650,0
73	-18.25	0.75	40	5650,0
73	-19.25	1.75	40	5650,0
73	-21.25	1.75	40	5650,0
