x	y	clickSelects
0.044466542403625	0.706831922748169	3
0.088933717657475	0.0862657757069114	6
0.016528461504917	0.225661430137372	23
0.075585940702604	0.134752597897009	23
0.040569961935716	0.174943889399813	6
-0.085961030946894	0.316963687848167	7
-0.079075869076397	0.163827687137862	7
0.039324507499124	0.143954377342365	47
-0.093522064326034	0.47128450395639	25
-0.069246058872205	0.0720949325789598	3
-0.068841972106476	0.0719881452666402	23
-0.06965044804965	0.0721655910561063	6
0.095392498570606	0.0530911721387754	7
0.089333125302239	0.0860296325914248	47
-0.068841972106476	0.0719881452666402	47
0.096189570487149	0.0528175437283982	47
0.107450301318641	0.347596156608194	25
-0.106821626643909	0.310088667445386	25
-0.011356741511791	0.174894623499771	3
0.08992917997345	0.0857040493828155	3
-0.00181564112809002	0.105877828453943	23
-0.069246058872205	0.0720949325789598	16
-0.069246058872205	0.0720949325789598	7
-0.054169453932812	1.05958317391782	3
0.119582657033257	0.289146757375406	3
-0.068724164788244	0.0719630894166786	3
0.08787174395673	0.100119122671394	3
-0.00128026162829398	0.105630628943021	6
-0.035530499577933	0.16765133718432	6
0.096103674032447	0.0528461430071784	6
0.01020957730162	0.215375634894479	9
-0.069246058872205	0.0720949325789598	7
0.09530695644111	0.0531196599488497	7
-0.069246058872205	0.0720949325789598	25
0.010481149436608	0.215046030156534	3
0.080690673734949	0.118001462291142	3
-0.121785488761171	0.211905476882453	6
-0.00181563987244898	0.105886345494448	9
0.089980043566315	0.0856698114131907	7
0.087798245269669	0.100150722437068	7
0.096103674032447	0.0528461430071784	25
-0.002998954510119	0.189751124736007	3
-0.06965044804965	0.0721655910561063	3
-0.069533143953765	0.0721406414098516	16
-0.069246058872205	0.0720949325789598	16
-0.068724164788244	0.0719630894166786	16
-0.069246058872205	0.0720949325789598	16
-0.068724164788244	0.0719630894166786	8
0.000563234382798011	0.996059668938812	3
0.032686845767525	0.130988332258722	3
0.097154727379326	0.140563653141483	16
0.015702861552649	0.121329693514811	7
-0.12183865680541	0.211950160968106	16
0.108293098432997	0.110879788102273	16
-0.015683039791486	0.255143704360879	16
-0.024736451874332	0.298340409161403	16
0.047082422685083	0.618587083330597	3
0.031534482595382	0.487401413100752	3
-0.049483941227069	0.285301191091875	3
-0.047345847685852	0.282761904617731	3
0.109263782350696	0.110017367524536	3
0.039863051038018	0.175624461979459	16
0.0765038950244	0.209469701153919	16
0.075212789462675	0.211380861924811	11
-0.036249208855478	0.233384105781516	11
0.074272465591195	0.274832081033771	9
0.082566578863768	0.116487984436019	16
-0.101479591574921	0.399406650344475	16
-0.058922515536352	0.584634497352021	16
0.039663185184309	0.175826515659148	8
0.089580833411745	0.0859060144800915	8
0.093595223132006	0.0696410505789597	8
-0.069246058872205	0.0720949325789598	8
0.111601203891606	0.340843911480453	16
-0.057392051789007	0.777461913715955	11
0.037310652287481	0.345498395582363	11
0.108425285190463	0.207325151246994	11
0.062934281012621	0.319533286802997	11
-0.108680285231833	1.02581543445343	11
-0.003482202920922	0.511884917070489	9
0.076075078159707	0.134288667581323	7
0.097172772515959	0.14056000054391	16
0.073237183003468	0.233083198471629	16
0.114246579459948	0.185274661566431	16
0.072548148121288	0.417959250307484	16
0.038966480111126	0.144235497204233	8
0.107585207014269	0.111499495926636	44
-0.039035255753832	0.913699072608406	16
-0.00896836931904799	0.818842864776085	16
0.014865864174383	0.659020940715874	11
0.019766627305079	0.698146486046259	11
0.073403573446688	0.452145268523595	11
0.117842312499637	0.363199317575824	9
0.074272465591195	0.274832081033771	16
-0.024965947929705	0.298684762344517	16
0.075246843172458	0.211307408778667	16
-0.015776229372642	0.255219949824785	16
0.117497024566664	0.272064277838844	16
0.116503081554353	0.094747390118783	8
-0.012442336594347	0.175787520462337	50
0.089878196255997	0.085732760613543	44
0.062463641822118	0.373740458778292	16
0.040591706886409	0.359661767164536	11
-0.090514387395297	0.751102565679554	11
-0.089791989361916	0.503228624144223	16
0.033736691217806	0.412263578185364	9
0.075195635963052	0.135093254171017	16
0.088584444240081	0.0864573196669105	8
-0.00181563987244898	0.105886345494448	44
0.034445159267348	0.129786527896439	16
-0.00181564112809002	0.105877828453943	16
0.09470605092126	0.0691213001188084	16
-0.002351743520837	0.106125827736745	16
-0.00181563987244898	0.105886345494448	16
-0.00235088308224402	0.106121893116111	16
0.09570540963455	0.0529852393567195	16
-0.068841972106476	0.0719881452666402	16
-0.069246058872205	0.0720949325789598	16
0.01575480982204	0.121301448587863	16
-0.06965044804965	0.0721655910561063	8
0.124800742198845	0.318927984907381	16
-0.014787446396721	0.818159661365532	16
0.0715053020656	0.34650567465847	16
0.117179443304146	0.558744138176679	16
-0.00350719975439601	0.935198712426471	16
-0.00910459393139101	0.396452725760913	16
0.090035223402526	0.202306148358089	16
-0.00854693943915802	0.572509493580029	16
0.048852265906126	0.306079151940205	16
-0.082113484248314	0.713519484397516	8
0.03079611071121	0.753144000011207	16
-0.061029797763822	0.849379589880871	16
0.042147883271995	0.356233729791806	16
0.083602993911039	0.275349232671247	16
-0.103227361055986	0.504235255889742	16
0.047580419634567	0.318553834521933	16
0.083061898638699	0.411238802300505	8
0.07805044013695	0.439156741369481	8
0.12333207698053	0.62678985612569	16
0.048071869993504	0.871200599566409	16
-0.010393584479091	1.03485668508416	16
0.087491637958963	0.578553125097223	8
0.024215763654718	0.453165638099976	8
-0.063603160352419	0.515171888052671	8
0.08691118600252	0.231243626353109	8
0.110232095724879	0.539694488934394	16
-0.062953735860475	1.53969074725843	16
0.057509755383539	0.599936177850116	16
-0.103883611635224	1.33753568354075	16
-0.06007682317695	1.21557922318049	16
-0.120429719796923	1.68173763070114	16
-0.023596012403535	0.648480374877187	8
0.026142560282065	0.294468246957106	8
-0.086675829126725	0.60517795483953	8
0.074559478685599	0.722394417090317	16
0.014288123860714	1.07691437517237	16
0.02390539225899	1.41267631805088	16
0.000748016921059996	1.09808487388289	16
0.055145462174666	0.871942007476227	16
-0.07735494928748	1.30995894934827	16
0.075960545167838	0.532277003236749	16
-0.045115026635733	0.776839167031527	8
0.010265553945997	0.215300267063244	8
0.074828723638277	0.211929690551027	8
0.087803572963797	0.748698527558889	16
-0.043666204297943	1.77125769117277	16
0.018193596323681	0.686745749666293	8
0.026487384842743	0.802383444809106	8
0.015446471731418	0.393215981283414	8
0.115934020246621	0.17641141600596	4
0.079892008600862	0.907460437550445	16
0.101450286931861	0.770549098381276	16
0.035134788511798	0.636332491531342	8
0.035315511301643	0.595451555818645	8
-0.073066774905901	1.10837033361656	8
0.077989523483018	0.572042749977555	16
-0.092560913318948	1.69707936349399	8
-0.054257910552286	1.02384486038448	8
-0.109719992052041	0.886299937077322	8
0.111155321871769	0.656211174167188	16
-0.059444275903995	0.890723194299837	8
0.059586433282627	0.556265157802701	8
-0.014775711976106	0.760289031059375	8
-0.110816164872033	1.26113282037587	16
-0.079321446884257	0.505681035751011	16
0.016898516384083	0.22523808999177	8
0.087182573393469	0.904140740883817	16
0.109831510718817	0.676508569205551	16
0.041748860759708	0.59329699045479	16
0.100566016157251	0.42901457928177	8
-0.09061008805938	1.37862168707189	8
-0.00511403544072298	1.1545779688714	16
-0.066609901406925	0.693916635685393	16
-0.037323282657755	0.234409099190005	8
-0.099662947972797	0.537428254188898	8
-0.090524622541643	0.57911591301626	8
0.081907040521332	0.746105867419679	16
0.005678418244254	0.373760477371198	8
0.054987114747966	0.584883840549015	16
-0.076145740050756	0.912126849407651	16
0.115569514838912	0.26376964471944	8
0.113784701433017	0.309541613600744	8
-0.102735460446932	1.89110606360351	8
0.069125627971914	0.374906912449478	8
0.121549836728805	0.445587174636989	8
-0.083542128769378	0.399828138092122	4
-0.037410110262521	1.71351500482341	16
0.009078514780785	1.14195301250112	16
-0.01716207747265	0.709459861933163	8
0.041054764817825	0.41768674774741	8
0.063213881596006	0.72452954206509	8
-0.010833090073353	0.399881845631146	8
0.018460370896354	0.223338086707861	4
-0.017853168265158	1.03869905439554	16
0.058480035331309	0.355214963968005	16
0.11990432585917	0.237490409369618	8
0.120227223305016	0.265276317163631	8
0.098535621982783	0.546579191620045	8
0.075377521830081	0.211123693469912	8
-0.106911651339642	0.258039631891479	8
0.040786888386422	0.264121430684916	4
0.098169571667423	0.325829056618526	16
-0.058718339561112	0.81486787570786	16
-0.02386669974852	0.76753683112071	8
-0.070910330204561	1.05713504563872	8
0.086414538313778	0.352893130730206	8
0.035207316366688	0.550547023470523	8
-0.013930761197379	1.19078502558151	8
0.063941593446681	0.308678529340564	8
-0.020420342736737	0.340850816956007	8
-0.015354330447804	0.349993154198709	4
0.020777186403867	0.289566456206605	4
0.079094516850315	0.385812347547349	16
0.000359348018668992	0.609868476032619	16
0.053575043896195	0.482998725890476	8
0.052669454113055	0.753986573067203	8
0.023679841683313	0.886853706935249	8
0.039399637453211	0.160357437335992	8
0.115540082006329	0.140557133224126	4
-0.106068719268149	0.257323380703268	4
0.120824077481848	0.568421351031157	16
0.076814708147069	0.491281825956432	16
0.086918038578054	0.336797705566251	8
0.055557295169273	0.781221052444084	8
0.021772709320907	0.288025473086202	4
0.121750450609052	0.541014600187189	16
0.062122666590821	0.451345483233215	8
0.06427019630354	0.484199099325745	8
-0.025033100430293	1.02491802322411	8
0.050042533639425	0.483475447716832	8
0.116758193118631	0.432306688190658	8
0.049898425550429	0.763346351484232	8
-0.082940814863375	1.51284447654405	8
-0.082133796754952	0.437004119585503	8
0.097641051053392	0.140064759234895	8
0.10489550195488	0.324140503776239	16
0.078026633003072	0.458905966612523	8
0.112876113015165	0.238276267748321	8
0.099223453399887	0.369109399206592	8
0.040150415065921	0.634290422198868	8
0.064979240203073	0.393467005531777	8
0.06290221304647	0.726422382774655	8
-0.045218658425021	0.372262195797366	8
0.093669516765623	0.153851546237948	4
-0.061251572637185	0.833648480129191	16
-0.024265876217074	0.556600307375455	8
0.10385154779488	0.260703066182934	8
-0.07328476729388	1.06901079502248	8
0.058392999996436	0.518368731497291	8
-0.056431022663458	0.368461499193481	8
0.108475713479892	0.653108952213983	16
0.007257036297459	0.591561096312681	8
0.097632511243512	0.347540663865603	8
0.079390878792775	0.405804338735197	8
-0.120710251654979	1.52492394511054	8
0.017221543427398	0.731809433247991	8
0.118774993192296	0.0929909435792356	8
-0.018500517543218	0.382248285006355	8
0.016011174853173	0.503635884530807	16
0.06973203172433	0.423868522706541	8
0.025260492033335	0.808548420902556	8
0.073115338195375	0.724643050308011	8
0.038941353149093	0.144258391291416	8
-0.086178283393641	0.317220422826312	4
-0.010544669276098	0.736790656934553	16
0.052966039044842	0.439489061531264	8
0.105592211191985	0.340296065150626	8
0.010244556333717	0.773250860474714	8
0.014916998580817	0.893938641253391	8
0.040547582989572	0.74710391577747	8
0.071639590369028	0.442872446788071	8
0.06480544456102	0.830145371802456	8
-0.061057534938401	1.59709027232296	16
-0.026495762983502	0.903545867326232	8
-0.057966245115471	1.39851270627344	8
-0.123852299836498	1.45333319208284	8
-0.07746195828134	1.25458721152543	8
0.086805643496181	0.733794603410825	8
-0.054809119889174	0.365872854525861	8
0.048953779706081	0.208169738293502	8
-0.069710403913666	0.402394530855946	8
0.096843164629277	0.462777879515437	16
0.115234728314351	0.489083273965803	8
0.111256873771713	0.497228640310145	8
0.118745328653521	0.471872918570052	8
0.003758460101698	0.268080436127616	8
-0.00282720395787001	0.36060355196315	8
0.120559295421119	0.247436468713791	4
0.123056071915028	0.721465807120793	16
0.12310485625649	0.334678067188178	16
0.069756546079182	0.594766095612186	16
0.039727233221802	0.691182000806459	16
0.033377668365071	0.802621865983894	8
0.067325810475219	0.734532007962418	8
0.072046421124145	0.377253883963367	8
0.058415501874951	0.262709009615386	8
0.110986069846135	0.228859840535413	4
-0.019595763472133	0.927028179620208	16
0.077343534838667	0.513198606453165	8
0.12124788787684	0.40291084218038	8
-0.091138432749273	1.52597870037571	8
-0.096017439109406	0.434818156601119	8
-0.039609358234273	0.4888148735161	4
0.082804999314303	0.597380499337588	16
0.024962309641329	0.810179637806547	16
-0.015954413748249	0.885500246359874	8
-0.113720614956986	0.434798882650432	8
0.00500859831955	0.836661339614544	16
0.113365914439336	0.316811350221025	16
0.065717686411612	0.534842772598164	16
0.110412935149054	0.372730124578294	16
0.070074202147756	0.482014081317315	8
-0.068307612683674	1.13815326557954	8
0.092072383353133	0.470989525294023	8
0.04172478038052	0.425235562352502	4
0.041374319704169	0.189098086005631	4
-0.065547648613737	1.28627032011749	8
-0.063628751337131	0.275966282155256	4
-0.010043939032027	0.398348419676445	4
-0.091238939704505	0.651327330646521	4
0.045744672642181	0.555277901217681	4
-0.02589071241473	0.378070442164956	4
0.070205162935647	0.77544338107519	4
0.092751781133875	0.545031823983565	4
-0.041507056065123	0.835223398194036	4
0.030339690608276	0.312751331152649	4
-0.047570211724541	0.650896857204277	4
0.066511320714687	0.347960833875898	4
0.086411157418674	0.808835898511875	4
-0.074128790441052	0.212322960943348	4
0.016019326702047	0.282385487475474	4
0.107255704410816	0.215616020773218	4
0.074344412738054	0.27468301760734	4
0.07732985148216	0.961182628610884	4
0.05479696100008	0.225058518972564	4
0.075981034443581	0.219621659203735	4
-0.012877766198696	0.176110219147357	4
0.097099893815799	0.84394074030062	4
0.033331919417702	0.486193947441787	4
0.072857482868993	0.269092825287169	4
0.04024662574529	0.47846417413669	4
0.104206324047825	0.392328562152361	4
0.096444881592925	0.77772317434864	4
-0.00341877055465101	1.09644280345446	4
0.005225109944411	0.768081726618421	4
0.11366548113085	0.543234821550468	4
0.066131792332862	0.348850630278011	4
0.023399667791993	0.846568214098338	4
-0.030474436679229	0.89793115628158	4
0.061966999208908	0.692410596986547	4
-0.028332651921979	0.81851993917964	4
0.098240425569141	0.383888658416734	4
0.002254142408121	0.652702721751605	4
0.121750724745709	0.390002750263192	4
0.059112899304211	0.830454673710843	4
0.055235419672982	0.397123801827089	4
0.062557807445967	0.544537780054382	4
-0.012366667499594	1.41479350967303	4
0.123072619490608	0.446411883035482	4
0.031749894532566	0.597100599809092	4
0.02457790143838	0.681504814730457	4
0.075295957015753	0.933535797888749	4
0.053322998363635	0.66018206640686	4
0.105661966070549	0.256710818365673	4
0.070398474998329	0.501550755541351	4
-0.07022264209014	0.474717925889432	4
0.086676206981641	0.580183428219005	4
0.066110784417152	0.931716269802856	4
0.111919179599423	0.295560109892739	4
0.00482688298869599	1.05845601810864	4
-0.036303406700994	2.00301345529966	4
0.052968012225629	0.35547639829417	4
0.055634990522162	0.423891831554146	4
0.013192709568149	0.895386748185721	4
-0.0258169630576	1.08692834958369	4
0.068160898745696	0.370087904619093	4
0.120022140203251	0.485228026552024	4
-0.024268343368589	1.12122357025601	4
0.08388860758179	0.565503079813567	4
0.063795302740973	0.326157413211785	4
-0.044092755688678	0.656431152856227	4
-0.00778895250362999	0.938776689478991	4
-0.104124636888131	0.67620802902713	4
0.099609188289048	0.41089308449798	4
-0.042102961170138	1.10534261528941	4
0.120828117481856	0.29874029425095	4
-0.05642130006439	0.806364582048861	4
0.076351054844232	0.569626373406744	4
0.084817563259915	0.265503337456304	4
-0.036750777272371	1.12437023757494	4
0.021191048677595	0.629243471192413	4
0.113468797550231	0.425289167525999	4
0.098139452561249	0.575308586947322	4
0.094512663047663	0.734419649502955	4
-0.11893821431769	1.07189915443374	4
0.080504877588569	0.759770756412557	4
0.124875082107779	0.479102932732083	4
