group	fill	clickSelects
1	#FFFFFF	4
2	#FFFFFF	4
10	#FFFFFF	4
15	#FFFFFF	4
16	#FFFFFF	4
17	#FFFFFF	4
18	#FFFFFF	4
19	#FFFFFF	4
20	#FFFFFF	4
22	#FFFFFF	4
23	#FFFFFF	4
31	#FFFFFF	4
35	#FFFFFF	4
36	#FFFFFF	4
37	#FFFFFF	4
38	#FFFFFF	4
39	#FFFFFF	4
40	#FFFFFF	4
41	#FFFFFF	4
42	#FFFFFF	4
43	#FFFFFF	4
51	#FFFFFF	4
55	#FFFFFF	4
56	#FFFFFF	4
57	#FFFFFF	4
58	#FFFFFF	4
59	#FFFFFF	4
60	#FFFFFF	4
61	#FFFFFF	4
62	#FFFFFF	4
63	#FFFFFF	4
64	#FFFFFF	4
65	#FFFFFF	4
66	#FFFFFF	4
67	#FFFFFF	4
68	#FFFFFF	4
69	#FFFFFF	4
70	#FFFFFF	4
71	#FFFFFF	4
72	#FFFFFF	4
73	#FFFFFF	4
74	#FFFFFF	4
75	#FFFFFF	4
76	#FFFFFF	4
77	#FFFFFF	4
78	#FFFFFF	4
79	#FFFFFF	4
80	#FFFFFF	4
81	#FFFFFF	4
82	#FFFFFF	4
83	#FFFFFF	4
84	#FFFFFF	4
85	#FFFFFF	4
86	#FFFFFF	4
87	#FFFFFF	4
88	#FFFFFF	4
89	#FFFFFF	4
90	#FFFFFF	4
91	#FFFFFF	4
92	#FFFFFF	4
93	#FFFFFF	4
94	#FFFFFF	4
95	#FFFFFF	4
96	#FFFFFF	4
97	#FFFFFF	4
98	#FFFFFF	4
99	#FFFFFF	4
100	#CD1076	10
101	#FFFFFF	4
102	#FFFFFF	4
103	#FFFFFF	4
104	#FFFFFF	4
105	#FFFFFF	4
106	#FFFFFF	4
107	#FFFFFF	4
108	#FFFFFF	4
109	#FFFFFF	4
110	#FFFFFF	4
111	#FFFFFF	4
112	#FFFFFF	4
113	#FFFFFF	4
114	#FFFFFF	4
115	#FFFFFF	4
116	#FFFFFF	4
117	#FFFFFF	4
118	#FFFFFF	4
119	#FFFFFF	4
120	#CD1076	10
121	#FFFFFF	4
122	#FFFFFF	4
123	#FFFFFF	4
124	#FFFFFF	4
125	#FFFFFF	4
126	#FFFFFF	4
127	#FFFFFF	4
128	#FFFFFF	4
129	#FFFFFF	4
130	#FFFFFF	4
131	#FFFFFF	4
132	#FFFFFF	4
133	#FFFFFF	4
134	#FFFFFF	4
135	#FFFFFF	4
136	#FFFFFF	4
137	#FFFFFF	4
138	#FFFFFF	4
139	#FFFFFF	4
140	#CD1076	10
141	#CD1076	10
142	#FFFFFF	4
143	#FFFFFF	4
144	#FFFFFF	4
145	#FFFFFF	4
146	#FFFFFF	4
147	#FFFFFF	4
148	#FFFFFF	4
149	#FFFFFF	4
150	#FFFFFF	4
151	#FFFFFF	4
152	#FFFFFF	4
153	#FFFFFF	4
154	#FFFFFF	4
155	#FFFFFF	4
156	#FFFFFF	4
157	#FFFFFF	4
158	#FFFFFF	4
159	#FFFFFF	4
160	#FFFFFF	4
161	#CD1076	10
162	#CD1076	40
163	#FFFFFF	4
164	#FFFFFF	4
165	#FFFFFF	4
166	#FFFFFF	4
167	#FFFFFF	4
168	#FFFFFF	4
169	#FFFFFF	4
170	#FFFFFF	4
171	#FFFFFF	4
172	#FFFFFF	4
173	#FFFFFF	4
174	#FFFFFF	4
175	#FFFFFF	4
176	#FFFFFF	4
177	#FFFFFF	4
178	#FFFFFF	4
179	#FFFFFF	4
180	#FFFFFF	4
181	#FFFFFF	4
182	#CD1076	10
183	#CD1076	10
184	#FFFFFF	4
185	#FFFFFF	4
186	#FFFFFF	4
187	#FFFFFF	4
188	#FFFFFF	4
189	#FFFFFF	4
190	#FFFFFF	4
191	#FFFFFF	4
192	#FFFFFF	4
193	#FFFFFF	4
194	#CD1076	40
195	#FFFFFF	4
196	#FFFFFF	4
197	#FFFFFF	4
198	#FFFFFF	4
199	#FFFFFF	4
200	#FFFFFF	4
201	#FFFFFF	4
202	#FFFFFF	4
203	#FFFFFF	4
204	#CD1076	10
205	#CD1076	40
206	#FFFFFF	4
207	#FFFFFF	4
208	#FFFFFF	4
209	#FFFFFF	4
210	#FFFFFF	4
211	#FFFFFF	4
212	#FFFFFF	8
213	#FFFFFF	8
214	#FFFFFF	4
215	#FFFFFF	4
216	#CD1076	40
217	#FFFFFF	4
218	#FFFFFF	4
219	#FFFFFF	4
220	#FFFFFF	4
221	#FFFFFF	4
222	#FFFFFF	4
223	#FFFFFF	4
224	#FFFFFF	4
225	#FFFFFF	4
226	#CD1076	10
227	#CD1076	10
228	#FFFFFF	4
229	#FFFFFF	4
230	#FFFFFF	4
231	#FFFFFF	4
232	#FFFFFF	4
233	#FFFFFF	4
234	#FFFFFF	4
235	#FFFFFF	8
236	#FFFFFF	4
237	#FFFFFF	4
238	#CD1076	40
239	#FFFFFF	4
240	#FFFFFF	4
241	#FFFFFF	4
242	#CD1076	40
243	#FFFFFF	4
244	#FFFFFF	4
245	#FFFFFF	4
246	#FFFFFF	4
247	#FFFFFF	4
248	#FFFFFF	4
249	#CD1076	10
250	#CD1076	10
251	#FFFFFF	4
252	#FFFFFF	4
253	#FFFFFF	4
254	#FFFFFF	4
255	#FFFFFF	4
256	#FFFFFF	4
257	#FFFFFF	4
258	#FFFFFF	8
259	#FFFFFF	4
260	#FFFFFF	4
261	#CD1076	40
262	#FFFFFF	8
263	#FFFFFF	4
264	#FFFFFF	4
265	#CD1076	40
266	#FFFFFF	4
267	#FFFFFF	4
268	#FFFFFF	4
269	#FFFFFF	4
270	#FFFFFF	4
271	#FFFFFF	4
272	#CD1076	10
273	#CD1076	10
274	#FFFFFF	4
275	#FFFFFF	4
276	#FFFFFF	4
277	#FFFFFF	4
278	#FFFFFF	4
279	#FFFFFF	4
280	#FFFFFF	4
281	#FFFFFF	8
282	#FFFFFF	4
283	#FFFFFF	8
284	#CD1076	40
285	#FFFFFF	8
286	#FFFFFF	4
287	#FFFFFF	4
288	#FFFFFF	4
289	#CD1076	40
290	#CD1076	40
291	#FFFFFF	4
292	#FFFFFF	4
293	#FFFFFF	4
294	#FFFFFF	4
295	#FFFFFF	4
296	#CD1076	10
297	#CD1076	10
298	#FFFFFF	4
299	#FFFFFF	4
300	#FFFFFF	4
301	#FFFFFF	4
302	#FFFFFF	4
303	#FFFFFF	4
304	#FFFFFF	4
305	#FFFFFF	8
306	#FFFFFF	8
307	#FFFFFF	8
308	#CD1076	10
309	#FFFFFF	4
310	#FFFFFF	8
311	#FFFFFF	4
312	#FFFFFF	4
313	#CD1076	40
314	#CD1076	40
315	#FFFFFF	4
316	#FFFFFF	4
317	#FFFFFF	4
318	#FFFFFF	4
319	#FFFFFF	4
320	#CD1076	10
321	#CD1076	10
322	#FFFFFF	4
323	#FFFFFF	4
324	#FFFFFF	4
325	#FFFFFF	4
326	#FFFFFF	4
327	#FFFFFF	4
328	#FFFFFF	8
329	#FFFFFF	4
330	#FFFFFF	8
331	#FFFFFF	8
332	#CD1076	10
333	#FFFFFF	4
334	#FFFFFF	4
335	#FFFFFF	8
336	#FFFFFF	4
337	#FFFFFF	4
338	#CD1076	40
339	#CD1076	40
340	#CD1076	40
341	#FFFFFF	4
342	#FFFFFF	4
343	#FFFFFF	4
344	#FFFFFF	4
345	#CD1076	10
346	#CD1076	10
347	#FFFFFF	4
348	#FFFFFF	4
349	#FFFFFF	4
350	#FFFFFF	4
351	#FFFFFF	4
352	#FFFFFF	4
353	#FFFFFF	8
354	#FFFFFF	8
355	#FFFFFF	8
356	#FFFFFF	8
357	#CD1076	40
358	#FFFFFF	4
359	#FFFFFF	8
360	#FFFFFF	8
361	#FFFFFF	4
362	#FFFFFF	4
363	#CD1076	40
364	#CD1076	40
365	#CD1076	39
366	#FFFFFF	4
367	#FFFFFF	4
368	#FFFFFF	4
369	#FFFFFF	4
370	#CD1076	10
371	#CD1076	10
372	#FFFFFF	4
373	#FFFFFF	4
374	#FFFFFF	4
375	#FFFFFF	4
376	#FFFFFF	4
377	#FFFFFF	4
378	#FFFFFF	8
379	#FFFFFF	8
380	#FFFFFF	8
381	#FFFFFF	8
382	#CD1076	40
383	#FFFFFF	4
384	#FFFFFF	8
385	#FFFFFF	4
386	#FFFFFF	8
387	#FFFFFF	4
388	#FFFFFF	4
389	#CD1076	40
390	#CD1076	40
391	#CD1076	40
392	#CD1076	39
393	#FFFFFF	4
394	#FFFFFF	4
395	#FFFFFF	4
396	#CD1076	10
397	#CD1076	40
398	#FFFFFF	4
399	#FFFFFF	4
400	#FFFFFF	4
401	#FFFFFF	4
402	#FFFFFF	4
403	#FFFFFF	4
404	#FFFFFF	8
405	#FFFFFF	8
406	#FFFFFF	8
407	#FFFFFF	8
408	#CD1076	40
409	#FFFFFF	8
410	#FFFFFF	8
411	#FFFFFF	4
412	#FFFFFF	4
413	#FFFFFF	4
414	#FFFFFF	4
415	#CD1076	39
416	#CD1076	39
417	#CD1076	39
418	#CD1076	99
419	#FFFFFF	4
420	#FFFFFF	4
421	#FFFFFF	4
422	#CD1076	10
423	#CD1076	40
424	#FFFFFF	4
425	#FFFFFF	4
426	#FFFFFF	4
427	#FFFFFF	4
428	#FFFFFF	4
429	#FFFFFF	8
430	#FFFFFF	8
431	#FFFFFF	8
432	#FFFFFF	8
433	#FFFFFF	8
434	#CD1076	40
435	#FFFFFF	8
436	#FFFFFF	8
437	#FFFFFF	4
438	#FFFFFF	4
439	#FFFFFF	4
440	#FFFFFF	4
441	#FFFFFF	4
442	#CD1076	39
443	#CD1076	39
444	#CD1076	39
445	#CD1076	99
446	#CD1076	99
447	#FFFFFF	4
448	#FFFFFF	4
449	#CD1076	10
450	#CD1076	40
451	#FFFFFF	8
452	#FFFFFF	4
453	#FFFFFF	4
454	#FFFFFF	4
455	#FFFFFF	8
456	#FFFFFF	8
457	#FFFFFF	8
458	#FFFFFF	8
459	#FFFFFF	8
460	#FFFFFF	79
461	#CD1076	39
462	#FFFFFF	79
463	#FFFFFF	8
464	#FFFFFF	4
465	#FFFFFF	4
466	#FFFFFF	4
467	#FFFFFF	4
468	#FFFFFF	4
469	#CD1076	39
470	#CD1076	39
471	#CD1076	99
472	#CD1076	39
473	#CD1076	99
474	#FFFFFF	4
475	#FFFFFF	4
476	#CD1076	10
477	#CD1076	10
478	#FFFFFF	8
479	#FFFFFF	4
480	#FFFFFF	4
481	#FFFFFF	4
482	#FFFFFF	8
483	#FFFFFF	8
484	#FFFFFF	8
485	#FFFFFF	8
486	#FFFFFF	8
487	#FFFFFF	8
488	#CD1076	40
489	#FFFFFF	79
490	#FFFFFF	8
491	#FFFFFF	4
492	#FFFFFF	4
493	#FFFFFF	4
494	#FFFFFF	4
495	#FFFFFF	4
496	#FFFFFF	4
497	#CD1076	39
498	#CD1076	39
499	#CD1076	39
500	#CD1076	39
501	#CD1076	99
502	#CD1076	99
503	#FFFFFF	4
504	#CD1076	10
505	#CD1076	10
506	#FFFFFF	8
507	#FFFFFF	4
508	#FFFFFF	8
509	#FFFFFF	8
510	#FFFFFF	8
511	#FFFFFF	8
512	#FFFFFF	8
513	#FFFFFF	8
514	#FFFFFF	8
515	#FFFFFF	79
516	#CD1076	40
517	#FFFFFF	79
518	#FFFFFF	8
519	#FFFFFF	8
520	#FFFFFF	4
521	#FFFFFF	4
522	#FFFFFF	4
523	#FFFFFF	4
524	#FFFFFF	4
525	#CD1076	39
526	#CD1076	99
527	#CD1076	39
528	#CD1076	99
529	#CD1076	99
530	#CD1076	99
531	#FFFFFF	4
532	#FFFFFF	4
533	#FFFFFF	4
534	#FFFFFF	4
543	#FFFFFF	4
547	#FFFFFF	4
548	#FFFFFF	4
549	#FFFFFF	4
550	#FFFFFF	4
551	#FFFFFF	4
552	#FFFFFF	4
553	#FFFFFF	4
554	#FFFFFF	4
555	#FFFFFF	4
556	#FFFFFF	4
566	#FFFFFF	4
569	#FFFFFF	4
570	#FFFFFF	4
571	#FFFFFF	4
572	#FFFFFF	4
573	#FFFFFF	4
574	#FFFFFF	4
575	#FFFFFF	4
576	#CD1076	10
577	#CD1076	10
578	#FFFFFF	8
579	#FFFFFF	4
580	#FFFFFF	8
581	#FFFFFF	8
582	#FFFFFF	8
583	#FFFFFF	8
584	#FFFFFF	8
585	#FFFFFF	8
586	#FFFFFF	8
587	#FFFFFF	8
588	#CD1076	40
589	#FFFFFF	79
590	#FFFFFF	79
591	#FFFFFF	8
592	#FFFFFF	4
593	#FFFFFF	4
594	#FFFFFF	4
595	#FFFFFF	4
596	#FFFFFF	4
597	#FFFFFF	4
598	#CD1076	39
599	#CD1076	99
600	#CD1076	99
601	#CD1076	39
602	#CD1076	39
603	#CD1076	99
604	#CD1076	99
605	#CD1076	10
606	#CD1076	10
607	#FFFFFF	4
608	#FFFFFF	4
609	#FFFFFF	4
610	#FFFFFF	8
611	#FFFFFF	8
612	#FFFFFF	8
613	#FFFFFF	8
614	#FFFFFF	8
615	#FFFFFF	8
616	#FFFFFF	8
617	#CD1076	40
618	#FFFFFF	8
619	#FFFFFF	8
620	#FFFFFF	8
621	#FFFFFF	4
622	#FFFFFF	4
623	#FFFFFF	4
624	#FFFFFF	4
625	#FFFFFF	4
626	#FFFFFF	4
627	#CD1076	99
628	#CD1076	99
629	#CD1076	39
630	#CD1076	39
631	#CD1076	39
632	#CD1076	99
633	#FFFFFF	8
634	#CD1076	10
635	#CD1076	10
636	#FFFFFF	8
637	#FFFFFF	4
638	#FFFFFF	4
639	#FFFFFF	4
640	#FFFFFF	8
641	#FFFFFF	8
642	#FFFFFF	8
643	#FFFFFF	8
644	#FFFFFF	8
645	#FFFFFF	8
646	#CD1076	40
647	#FFFFFF	8
648	#FFFFFF	8
649	#FFFFFF	8
650	#FFFFFF	8
651	#FFFFFF	4
652	#FFFFFF	4
653	#FFFFFF	4
654	#FFFFFF	4
655	#FFFFFF	4
656	#FFFFFF	4
657	#CD1076	99
658	#CD1076	99
659	#CD1076	99
660	#CD1076	39
661	#CD1076	99
662	#CD1076	99
663	#FFFFFF	8
664	#CD1076	10
665	#CD1076	10
666	#FFFFFF	8
667	#FFFFFF	8
668	#FFFFFF	4
669	#FFFFFF	8
670	#FFFFFF	8
671	#FFFFFF	8
672	#FFFFFF	8
673	#FFFFFF	8
674	#FFFFFF	8
675	#FFFFFF	8
676	#CD1076	99
677	#FFFFFF	8
678	#FFFFFF	8
679	#FFFFFF	8
680	#FFFFFF	4
681	#FFFFFF	8
682	#FFFFFF	4
683	#FFFFFF	4
684	#FFFFFF	4
685	#FFFFFF	4
686	#FFFFFF	4
687	#CD1076	97
688	#CD1076	99
689	#CD1076	39
690	#CD1076	99
691	#CD1076	99
692	#FFFFFF	8
693	#FFFFFF	8
694	#CD1076	10
695	#CD1076	10
696	#FFFFFF	8
697	#FFFFFF	8
698	#FFFFFF	8
699	#FFFFFF	4
700	#FFFFFF	8
701	#FFFFFF	8
702	#FFFFFF	8
703	#FFFFFF	8
704	#FFFFFF	8
705	#FFFFFF	8
706	#CD1076	97
707	#FFFFFF	8
708	#FFFFFF	8
709	#FFFFFF	8
710	#FFFFFF	8
711	#FFFFFF	8
712	#FFFFFF	8
713	#FFFFFF	8
714	#FFFFFF	4
715	#FFFFFF	4
716	#FFFFFF	4
717	#CD1076	97
718	#FFFFFF	4
719	#CD1076	97
720	#CD1076	99
721	#CD1076	99
722	#CD1076	99
723	#FFFFFF	16
724	#FFFFFF	16
725	#CD1076	10
726	#CD1076	10
727	#FFFFFF	8
728	#FFFFFF	8
729	#FFFFFF	8
730	#FFFFFF	8
731	#FFFFFF	8
732	#FFFFFF	8
733	#FFFFFF	8
734	#FFFFFF	8
735	#FFFFFF	8
736	#FFFFFF	8
737	#CD1076	97
738	#FFFFFF	8
739	#FFFFFF	8
740	#FFFFFF	8
741	#FFFFFF	13
742	#FFFFFF	8
743	#FFFFFF	8
744	#FFFFFF	4
745	#FFFFFF	4
746	#FFFFFF	8
747	#FFFFFF	4
748	#CD1076	97
749	#FFFFFF	4
750	#CD1076	97
751	#CD1076	99
752	#CD1076	99
753	#FFFFFF	16
754	#FFFFFF	16
755	#FFFFFF	16
756	#CD1076	10
757	#CD1076	10
758	#FFFFFF	8
759	#FFFFFF	8
760	#FFFFFF	8
761	#FFFFFF	8
762	#FFFFFF	8
763	#FFFFFF	8
764	#FFFFFF	8
765	#FFFFFF	8
766	#FFFFFF	8
767	#FFFFFF	8
768	#CD1076	10
769	#FFFFFF	8
770	#FFFFFF	8
771	#FFFFFF	8
772	#FFFFFF	8
773	#FFFFFF	13
774	#FFFFFF	8
775	#FFFFFF	4
776	#FFFFFF	8
777	#FFFFFF	8
778	#FFFFFF	4
779	#CD1076	10
780	#FFFFFF	4
781	#FFFFFF	4
782	#CD1076	97
783	#CD1076	97
784	#CD1076	99
785	#FFFFFF	16
786	#FFFFFF	16
787	#FFFFFF	16
788	#CD1076	10
789	#CD1076	10
790	#FFFFFF	8
791	#FFFFFF	8
792	#FFFFFF	8
793	#FFFFFF	8
794	#FFFFFF	8
795	#FFFFFF	8
796	#FFFFFF	8
797	#FFFFFF	8
798	#FFFFFF	8
799	#FFFFFF	8
800	#CD1076	10
801	#FFFFFF	8
802	#FFFFFF	8
803	#FFFFFF	8
804	#FFFFFF	8
805	#FFFFFF	8
806	#FFFFFF	8
807	#FFFFFF	4
808	#FFFFFF	8
809	#FFFFFF	4
810	#FFFFFF	4
811	#CD1076	10
812	#FFFFFF	4
813	#FFFFFF	4
814	#CD1076	97
815	#CD1076	99
816	#FFFFFF	16
817	#FFFFFF	16
818	#FFFFFF	16
819	#FFFFFF	16
820	#CD1076	10
821	#CD1076	10
822	#FFFFFF	16
823	#FFFFFF	8
824	#FFFFFF	8
825	#FFFFFF	8
826	#FFFFFF	8
827	#FFFFFF	8
828	#FFFFFF	8
829	#FFFFFF	8
830	#FFFFFF	8
831	#FFFFFF	8
832	#CD1076	10
833	#FFFFFF	8
834	#FFFFFF	8
835	#FFFFFF	8
836	#FFFFFF	8
837	#FFFFFF	8
838	#FFFFFF	8
839	#FFFFFF	8
840	#FFFFFF	4
841	#FFFFFF	8
842	#FFFFFF	4
843	#CD1076	10
844	#FFFFFF	4
845	#FFFFFF	4
846	#FFFFFF	8
847	#CD1076	10
848	#CD1076	97
849	#FFFFFF	16
850	#FFFFFF	16
851	#FFFFFF	16
852	#FFFFFF	16
853	#CD1076	10
854	#CD1076	10
855	#FFFFFF	16
856	#FFFFFF	8
857	#FFFFFF	8
858	#FFFFFF	8
859	#FFFFFF	8
860	#FFFFFF	8
861	#FFFFFF	8
862	#FFFFFF	8
863	#FFFFFF	8
864	#FFFFFF	8
865	#CD1076	10
866	#FFFFFF	8
867	#FFFFFF	8
868	#FFFFFF	8
869	#FFFFFF	8
870	#FFFFFF	16
871	#FFFFFF	8
872	#FFFFFF	8
873	#FFFFFF	8
874	#FFFFFF	4
875	#FFFFFF	8
876	#CD1076	10
877	#FFFFFF	8
878	#FFFFFF	8
879	#FFFFFF	8
880	#CD1076	97
881	#FFFFFF	16
882	#FFFFFF	16
883	#FFFFFF	16
884	#FFFFFF	16
885	#FFFFFF	16
886	#CD1076	10
887	#CD1076	10
888	#FFFFFF	16
889	#FFFFFF	8
890	#FFFFFF	8
891	#FFFFFF	8
892	#FFFFFF	8
893	#FFFFFF	8
894	#FFFFFF	8
895	#FFFFFF	8
896	#FFFFFF	8
897	#FFFFFF	8
898	#CD1076	10
899	#FFFFFF	8
900	#FFFFFF	8
901	#FFFFFF	8
902	#FFFFFF	16
903	#FFFFFF	16
904	#FFFFFF	16
905	#FFFFFF	8
906	#FFFFFF	8
907	#FFFFFF	8
908	#FFFFFF	4
909	#CD1076	10
910	#FFFFFF	8
911	#FFFFFF	8
912	#FFFFFF	8
913	#FFFFFF	28
914	#CD1076	97
915	#FFFFFF	16
916	#FFFFFF	16
917	#FFFFFF	16
918	#FFFFFF	16
919	#FFFFFF	16
920	#CD1076	10
921	#CD1076	10
922	#FFFFFF	8
923	#FFFFFF	8
924	#FFFFFF	8
925	#FFFFFF	8
926	#FFFFFF	8
927	#FFFFFF	8
928	#FFFFFF	8
929	#FFFFFF	8
930	#FFFFFF	8
931	#FFFFFF	8
932	#CD1076	10
933	#FFFFFF	8
934	#FFFFFF	8
935	#FFFFFF	8
936	#FFFFFF	16
937	#FFFFFF	16
938	#FFFFFF	16
939	#FFFFFF	16
940	#FFFFFF	8
941	#FFFFFF	8
942	#FFFFFF	8
943	#CD1076	10
944	#FFFFFF	8
945	#FFFFFF	8
946	#FFFFFF	28
947	#FFFFFF	28
948	#FFFFFF	16
949	#FFFFFF	16
950	#FFFFFF	16
951	#FFFFFF	16
952	#FFFFFF	16
953	#FFFFFF	16
954	#CD1076	10
955	#CD1076	10
956	#FFFFFF	8
957	#FFFFFF	16
958	#FFFFFF	8
959	#FFFFFF	8
960	#FFFFFF	8
961	#FFFFFF	8
962	#FFFFFF	8
963	#FFFFFF	8
964	#FFFFFF	8
965	#FFFFFF	8
966	#CD1076	10
967	#FFFFFF	8
968	#FFFFFF	8
969	#FFFFFF	8
970	#FFFFFF	16
971	#FFFFFF	16
972	#FFFFFF	16
973	#FFFFFF	16
974	#FFFFFF	8
975	#FFFFFF	8
976	#FFFFFF	8
977	#CD1076	10
978	#FFFFFF	8
979	#FFFFFF	8
980	#FFFFFF	8
981	#FFFFFF	28
982	#FFFFFF	28
983	#FFFFFF	16
984	#FFFFFF	16
985	#FFFFFF	16
986	#FFFFFF	16
987	#FFFFFF	16
988	#FFFFFF	16
989	#CD1076	10
990	#CD1076	10
991	#FFFFFF	16
992	#FFFFFF	16
993	#FFFFFF	8
994	#FFFFFF	8
995	#FFFFFF	8
996	#FFFFFF	8
997	#FFFFFF	8
998	#FFFFFF	8
999	#FFFFFF	8
1000	#FFFFFF	8
1001	#CD1076	10
1002	#FFFFFF	8
1003	#FFFFFF	8
1004	#FFFFFF	8
1005	#FFFFFF	16
1006	#FFFFFF	16
1007	#FFFFFF	16
1008	#FFFFFF	16
1009	#FFFFFF	8
1010	#FFFFFF	8
1011	#FFFFFF	8
1012	#FFFFFF	16
1013	#FFFFFF	8
1014	#FFFFFF	28
1015	#FFFFFF	28
1016	#FFFFFF	16
1017	#FFFFFF	16
1018	#FFFFFF	16
1019	#FFFFFF	16
1020	#FFFFFF	16
1021	#FFFFFF	8
1022	#CD1076	10
1023	#CD1076	10
1024	#FFFFFF	16
1025	#FFFFFF	8
1026	#FFFFFF	16
1027	#FFFFFF	8
1028	#FFFFFF	8
1029	#FFFFFF	8
1030	#FFFFFF	8
1031	#FFFFFF	8
1032	#FFFFFF	8
1033	#FFFFFF	8
1034	#CD1076	10
1035	#FFFFFF	8
1036	#FFFFFF	16
1037	#FFFFFF	16
1038	#FFFFFF	16
1039	#FFFFFF	16
1040	#FFFFFF	16
1041	#FFFFFF	16
1042	#FFFFFF	8
1043	#FFFFFF	8
1044	#FFFFFF	8
1045	#FFFFFF	16
1046	#FFFFFF	8
1047	#FFFFFF	8
1048	#FFFFFF	28
1049	#FFFFFF	95
1050	#FFFFFF	16
1051	#FFFFFF	16
1052	#FFFFFF	16
1053	#FFFFFF	16
1054	#FFFFFF	16
1055	#FFFFFF	16
1056	#CD1076	10
1057	#CD1076	10
1058	#FFFFFF	8
1059	#FFFFFF	8
1060	#FFFFFF	16
1061	#FFFFFF	8
1062	#FFFFFF	8
1063	#FFFFFF	8
1064	#FFFFFF	8
1065	#FFFFFF	8
1066	#FFFFFF	8
1067	#FFFFFF	16
1068	#FFFFFF	16
1069	#FFFFFF	8
1070	#FFFFFF	16
1071	#FFFFFF	16
1072	#FFFFFF	16
1073	#FFFFFF	16
1074	#FFFFFF	8
1075	#FFFFFF	16
1076	#FFFFFF	8
1077	#FFFFFF	8
1078	#FFFFFF	8
1079	#FFFFFF	16
1080	#FFFFFF	28
1081	#FFFFFF	8
1082	#FFFFFF	95
1083	#FFFFFF	16
1084	#FFFFFF	16
1085	#FFFFFF	16
1086	#FFFFFF	16
1087	#FFFFFF	16
1088	#FFFFFF	16
1089	#CD1076	10
1090	#CD1076	10
1091	#FFFFFF	16
1092	#FFFFFF	8
1093	#FFFFFF	8
1094	#FFFFFF	8
1095	#FFFFFF	8
1096	#FFFFFF	8
1097	#FFFFFF	8
1098	#FFFFFF	16
1099	#FFFFFF	8
1100	#FFFFFF	16
1101	#FFFFFF	16
1102	#FFFFFF	16
1103	#FFFFFF	8
1104	#FFFFFF	16
1105	#FFFFFF	16
1106	#FFFFFF	16
1107	#FFFFFF	8
1108	#FFFFFF	16
1109	#FFFFFF	8
1110	#FFFFFF	8
1111	#FFFFFF	8
1112	#FFFFFF	16
1113	#FFFFFF	28
1114	#FFFFFF	8
1115	#FFFFFF	95
1116	#FFFFFF	28
1117	#FFFFFF	16
1118	#FFFFFF	16
1119	#FFFFFF	16
1120	#FFFFFF	16
1121	#FFFFFF	16
1122	#FFFFFF	16
1123	#CD1076	10
1124	#FFFFFF	16
1125	#FFFFFF	16
1126	#FFFFFF	16
1127	#FFFFFF	8
1128	#FFFFFF	8
1129	#FFFFFF	8
1130	#FFFFFF	16
1131	#FFFFFF	16
1132	#FFFFFF	8
1133	#FFFFFF	16
1134	#FFFFFF	16
1135	#FFFFFF	16
1136	#FFFFFF	8
1137	#FFFFFF	16
1138	#FFFFFF	16
1139	#FFFFFF	16
1140	#FFFFFF	8
1141	#FFFFFF	8
1142	#FFFFFF	8
1143	#FFFFFF	8
1144	#FFFFFF	8
1145	#FFFFFF	16
1146	#FFFFFF	28
1147	#FFFFFF	80
1148	#FFFFFF	44
1149	#FFFFFF	28
1150	#FFFFFF	16
1151	#FFFFFF	16
1152	#FFFFFF	16
1153	#FFFFFF	16
1154	#FFFFFF	16
1155	#FFFFFF	16
1156	#CD1076	10
1157	#FFFFFF	16
1158	#FFFFFF	16
1159	#FFFFFF	16
1160	#FFFFFF	16
1161	#FFFFFF	16
1162	#FFFFFF	16
1163	#FFFFFF	16
1164	#FFFFFF	16
1165	#FFFFFF	16
1166	#FFFFFF	8
1167	#FFFFFF	8
1168	#FFFFFF	16
1169	#FFFFFF	16
1170	#FFFFFF	16
1171	#FFFFFF	16
1172	#FFFFFF	16
1173	#FFFFFF	16
1174	#FFFFFF	8
1175	#FFFFFF	8
1176	#FFFFFF	8
1177	#FFFFFF	8
1178	#FFFFFF	8
1179	#FFFFFF	16
1180	#FFFFFF	8
1181	#FFFFFF	28
1182	#FFFFFF	44
1183	#FFFFFF	28
1184	#FFFFFF	16
1185	#FFFFFF	16
1186	#FFFFFF	16
1187	#FFFFFF	16
1188	#FFFFFF	16
1189	#FFFFFF	16
1190	#FFFFFF	16
1191	#FFFFFF	16
1192	#FFFFFF	16
1193	#FFFFFF	16
1194	#FFFFFF	16
1195	#FFFFFF	16
1196	#FFFFFF	16
1197	#FFFFFF	16
1198	#FFFFFF	16
1199	#FFFFFF	8
1200	#FFFFFF	8
1201	#FFFFFF	8
1202	#FFFFFF	16
1203	#FFFFFF	16
1204	#FFFFFF	16
1205	#FFFFFF	16
1206	#FFFFFF	16
1207	#FFFFFF	16
1208	#FFFFFF	16
1209	#FFFFFF	8
1210	#FFFFFF	8
1211	#FFFFFF	8
1212	#FFFFFF	8
1213	#FFFFFF	16
1214	#FFFFFF	80
1215	#FFFFFF	28
1216	#FFFFFF	44
1217	#FFFFFF	44
1218	#FFFFFF	28
1219	#FFFFFF	16
1220	#FFFFFF	16
1221	#FFFFFF	16
1222	#FFFFFF	16
1223	#FFFFFF	16
1224	#FFFFFF	16
1225	#FFFFFF	4
1226	#FFFFFF	4
1227	#FFFFFF	4
1228	#FFFFFF	4
1237	#FFFFFF	4
1240	#FFFFFF	4
1241	#FFFFFF	4
1242	#FFFFFF	4
1243	#FFFFFF	4
1244	#FFFFFF	4
1245	#FFFFFF	4
1246	#FFFFFF	4
1247	#FFFFFF	4
1248	#FFFFFF	4
1249	#FFFFFF	4
1250	#FFFFFF	4
1259	#FFFFFF	4
1261	#FFFFFF	4
1262	#FFFFFF	4
1263	#FFFFFF	4
1264	#FFFFFF	4
1265	#FFFFFF	4
1266	#FFFFFF	4
1267	#FFFFFF	4
1268	#FFFFFF	16
1269	#FFFFFF	16
1270	#FFFFFF	16
1271	#FFFFFF	16
1272	#FFFFFF	16
1273	#FFFFFF	16
1274	#FFFFFF	16
1275	#FFFFFF	16
1276	#FFFFFF	16
1277	#FFFFFF	16
1278	#FFFFFF	8
1279	#FFFFFF	8
1280	#FFFFFF	16
1281	#FFFFFF	16
1282	#FFFFFF	16
1283	#FFFFFF	16
1284	#FFFFFF	16
1285	#FFFFFF	16
1286	#FFFFFF	16
1287	#FFFFFF	16
1288	#FFFFFF	8
1289	#FFFFFF	8
1290	#FFFFFF	8
1291	#FFFFFF	16
1292	#FFFFFF	50
1293	#FFFFFF	28
1294	#FFFFFF	28
1295	#FFFFFF	28
1296	#FFFFFF	14
1297	#FFFFFF	16
1298	#FFFFFF	16
1299	#FFFFFF	16
1300	#FFFFFF	16
1301	#FFFFFF	16
1302	#FFFFFF	16
1303	#FFFFFF	16
1304	#FFFFFF	16
1305	#FFFFFF	16
1306	#FFFFFF	16
1307	#FFFFFF	16
1308	#FFFFFF	16
1309	#FFFFFF	16
1310	#FFFFFF	16
1311	#FFFFFF	16
1312	#FFFFFF	8
1313	#FFFFFF	8
1314	#FFFFFF	8
1315	#FFFFFF	16
1316	#FFFFFF	8
1317	#FFFFFF	16
1318	#FFFFFF	16
1319	#FFFFFF	16
1320	#FFFFFF	16
1321	#FFFFFF	16
1322	#FFFFFF	8
1323	#FFFFFF	8
1324	#FFFFFF	8
1325	#FFFFFF	8
1326	#FFFFFF	16
1327	#FFFFFF	58
1328	#FFFFFF	50
1329	#FFFFFF	28
1330	#FFFFFF	28
1331	#FFFFFF	14
1332	#FFFFFF	16
1333	#FFFFFF	16
1334	#FFFFFF	16
1335	#FFFFFF	16
1336	#FFFFFF	16
1337	#FFFFFF	16
1338	#FFFFFF	16
1339	#FFFFFF	16
1340	#FFFFFF	16
1341	#FFFFFF	16
1342	#FFFFFF	16
1343	#FFFFFF	16
1344	#FFFFFF	16
1345	#FFFFFF	16
1346	#FFFFFF	16
1347	#FFFFFF	16
1348	#FFFFFF	8
1349	#FFFFFF	16
1350	#FFFFFF	16
1351	#FFFFFF	8
1352	#FFFFFF	16
1353	#FFFFFF	16
1354	#FFFFFF	16
1355	#FFFFFF	16
1356	#FFFFFF	16
1357	#FFFFFF	8
1358	#FFFFFF	16
1359	#FFFFFF	8
1360	#FFFFFF	98
1361	#FFFFFF	16
1362	#FFFFFF	28
1363	#FFFFFF	28
1364	#FFFFFF	28
1365	#FFFFFF	28
1366	#FFFFFF	14
1367	#FFFFFF	14
1368	#FFFFFF	16
1369	#FFFFFF	16
1370	#FFFFFF	16
1371	#FFFFFF	16
1372	#FFFFFF	16
1373	#FFFFFF	16
1374	#FFFFFF	16
1375	#FFFFFF	16
1376	#FFFFFF	16
1377	#FFFFFF	16
1378	#FFFFFF	16
1379	#FFFFFF	16
1380	#FFFFFF	16
1381	#FFFFFF	16
1382	#FFFFFF	16
1383	#FFFFFF	8
1384	#FFFFFF	16
1385	#FFFFFF	8
1386	#FFFFFF	16
1387	#FFFFFF	8
1388	#FFFFFF	16
1389	#FFFFFF	16
1390	#FFFFFF	16
1391	#FFFFFF	16
1392	#FFFFFF	8
1393	#FFFFFF	8
1394	#FFFFFF	16
1395	#FFFFFF	25
1396	#FFFFFF	16
1397	#FFFFFF	30
1398	#FFFFFF	28
1399	#FFFFFF	28
1400	#FFFFFF	105
1401	#FFFFFF	28
1402	#FFFFFF	28
1403	#FFFFFF	42
1404	#FFFFFF	16
1405	#FFFFFF	16
1406	#FFFFFF	16
1407	#FFFFFF	16
1408	#FFFFFF	16
1409	#FFFFFF	16
1410	#FFFFFF	16
1411	#FFFFFF	16
1412	#FFFFFF	16
1413	#FFFFFF	16
1414	#FFFFFF	16
1415	#FFFFFF	16
1416	#FFFFFF	16
1417	#FFFFFF	16
1418	#FFFFFF	16
1419	#FFFFFF	16
1420	#FFFFFF	16
1421	#FFFFFF	8
1422	#FFFFFF	16
1423	#FFFFFF	16
1424	#FFFFFF	8
1425	#FFFFFF	16
1426	#FFFFFF	16
1427	#FFFFFF	16
1428	#FFFFFF	16
1429	#FFFFFF	8
1430	#FFFFFF	16
1431	#FFFFFF	16
1432	#FFFFFF	16
1433	#FFFFFF	30
1434	#FFFFFF	28
1435	#FFFFFF	8
1436	#FFFFFF	8
1437	#FFFFFF	8
1438	#FFFFFF	28
1439	#FFFFFF	24
1440	#FFFFFF	42
1441	#FFFFFF	16
1442	#FFFFFF	42
1443	#FFFFFF	16
1444	#FFFFFF	16
1445	#FFFFFF	16
1446	#FFFFFF	16
1447	#FFFFFF	16
1448	#FFFFFF	16
1449	#FFFFFF	16
1450	#FFFFFF	16
1451	#FFFFFF	16
1452	#FFFFFF	16
1453	#FFFFFF	16
1454	#FFFFFF	16
1455	#FFFFFF	16
1456	#FFFFFF	16
1457	#FFFFFF	16
1458	#FFFFFF	8
1459	#FFFFFF	8
1460	#FFFFFF	16
1461	#FFFFFF	16
1462	#FFFFFF	16
1463	#FFFFFF	16
1464	#FFFFFF	16
1465	#FFFFFF	16
1466	#FFFFFF	16
1467	#FFFFFF	16
1468	#FFFFFF	82
1469	#FFFFFF	16
1470	#FFFFFF	8
1471	#FFFFFF	30
1472	#FFFFFF	28
1473	#FFFFFF	8
1474	#FFFFFF	8
1475	#FFFFFF	8
1476	#FFFFFF	24
1477	#FFFFFF	24
1478	#FFFFFF	42
1479	#FFFFFF	16
1480	#FFFFFF	25
1481	#FFFFFF	16
1482	#FFFFFF	16
1483	#FFFFFF	16
1484	#FFFFFF	16
1485	#FFFFFF	16
1486	#FFFFFF	16
1487	#FFFFFF	16
1488	#FFFFFF	16
1489	#FFFFFF	16
1490	#FFFFFF	16
1491	#FFFFFF	16
1492	#FFFFFF	16
1493	#FFFFFF	16
1494	#FFFFFF	16
1495	#FFFFFF	16
1496	#FFFFFF	16
1497	#FFFFFF	8
1498	#FFFFFF	16
1499	#FFFFFF	16
1500	#FFFFFF	16
1501	#FFFFFF	16
1502	#FFFFFF	16
1503	#FFFFFF	16
1504	#FFFFFF	16
1505	#FFFFFF	16
1506	#FFFFFF	82
1507	#FFFFFF	16
1508	#FFFFFF	8
1509	#FFFFFF	8
1510	#FFFFFF	8
1511	#FFFFFF	8
1512	#FFFFFF	1
1513	#FFFFFF	1
1514	#FFFFFF	8
1515	#FFFFFF	110
1516	#FFFFFF	25
1517	#FFFFFF	16
1518	#FFFFFF	25
1519	#FFFFFF	16
1520	#FFFFFF	16
1521	#FFFFFF	16
1522	#FFFFFF	16
1523	#FFFFFF	16
1524	#FFFFFF	16
1525	#FFFFFF	16
1526	#FFFFFF	16
1527	#FFFFFF	16
1528	#FFFFFF	16
1529	#FFFFFF	16
1530	#FFFFFF	16
1531	#FFFFFF	16
1532	#FFFFFF	16
1533	#FFFFFF	16
1534	#FFFFFF	8
1535	#FFFFFF	8
1536	#FFFFFF	16
1537	#FFFFFF	8
1538	#FFFFFF	16
1539	#FFFFFF	16
1540	#FFFFFF	16
1541	#FFFFFF	16
1542	#FFFFFF	16
1543	#FFFFFF	16
1544	#FFFFFF	16
1545	#FFFFFF	25
1546	#FFFFFF	8
1547	#FFFFFF	8
1548	#FFFFFF	8
1549	#FFFFFF	1
1550	#FFFFFF	35
1551	#FFFFFF	62
1552	#FFFFFF	25
1553	#FFFFFF	25
1554	#FFFFFF	16
1555	#FFFFFF	104
1556	#FFFFFF	16
1557	#FFFFFF	16
1558	#FFFFFF	16
1559	#FFFFFF	16
1560	#FFFFFF	16
1561	#FFFFFF	16
1562	#FFFFFF	16
1563	#FFFFFF	16
1564	#FFFFFF	16
1565	#FFFFFF	16
1566	#FFFFFF	16
1567	#FFFFFF	16
1568	#FFFFFF	16
1569	#FFFFFF	16
1570	#FFFFFF	16
1571	#FFFFFF	8
1572	#FFFFFF	8
1573	#FFFFFF	16
1574	#FFFFFF	8
1575	#FFFFFF	16
1576	#FFFFFF	16
1577	#FFFFFF	16
1578	#FFFFFF	16
1579	#FFFFFF	16
1580	#FFFFFF	52
1581	#FFFFFF	16
1582	#FFFFFF	25
1583	#FFFFFF	25
1584	#FFFFFF	8
1585	#FFFFFF	8
1586	#FFFFFF	8
1587	#FFFFFF	1
1588	#FFFFFF	35
1589	#FFFFFF	25
1590	#FFFFFF	62
1591	#FFFFFF	25
1592	#FFFFFF	16
1593	#FFFFFF	25
1594	#FFFFFF	16
1595	#FFFFFF	16
1596	#FFFFFF	16
1597	#FFFFFF	16
1598	#FFFFFF	16
1599	#FFFFFF	16
1600	#FFFFFF	16
1601	#FFFFFF	16
1602	#FFFFFF	16
1603	#FFFFFF	16
1604	#FFFFFF	16
1605	#FFFFFF	16
1606	#FFFFFF	16
1607	#FFFFFF	16
1608	#FFFFFF	16
1609	#FFFFFF	16
1610	#FFFFFF	16
1611	#FFFFFF	16
1612	#FFFFFF	16
1613	#FFFFFF	16
1614	#FFFFFF	16
1615	#FFFFFF	16
1616	#FFFFFF	16
1617	#FFFFFF	16
1618	#FFFFFF	25
1619	#FFFFFF	16
1620	#FFFFFF	25
1621	#FFFFFF	25
1622	#FFFFFF	8
1623	#FFFFFF	8
1624	#FFFFFF	1
1625	#FFFFFF	35
1626	#FFFFFF	35
1627	#FFFFFF	25
1628	#FFFFFF	25
1629	#FFFFFF	16
1630	#FFFFFF	25
1631	#FFFFFF	16
1632	#FFFFFF	16
1633	#FFFFFF	16
1634	#FFFFFF	16
1635	#FFFFFF	16
1636	#FFFFFF	16
1637	#FFFFFF	16
1638	#FFFFFF	16
1639	#FFFFFF	16
1640	#FFFFFF	16
1641	#FFFFFF	16
1642	#FFFFFF	16
1643	#FFFFFF	16
1644	#FFFFFF	16
1645	#FFFFFF	16
1646	#FFFFFF	16
1647	#FFFFFF	16
1648	#FFFFFF	16
1649	#FFFFFF	16
1650	#FFFFFF	16
1651	#FFFFFF	16
1652	#FFFFFF	16
1653	#FFFFFF	16
1654	#FFFFFF	16
1655	#FFFFFF	25
1656	#FFFFFF	16
1657	#FFFFFF	16
1658	#FFFFFF	16
1659	#FFFFFF	25
1660	#FFFFFF	25
1661	#FFFFFF	1
1662	#FFFFFF	35
1663	#FFFFFF	25
1664	#FFFFFF	25
1665	#FFFFFF	16
1666	#FFFFFF	25
1667	#FFFFFF	16
1668	#FFFFFF	16
1669	#FFFFFF	16
1670	#FFFFFF	16
1671	#FFFFFF	16
1672	#FFFFFF	16
1673	#FFFFFF	16
1674	#FFFFFF	16
1675	#FFFFFF	16
1676	#FFFFFF	16
1677	#FFFFFF	16
1678	#FFFFFF	16
1679	#FFFFFF	16
1680	#FFFFFF	16
1681	#FFFFFF	16
1682	#FFFFFF	16
1683	#FFFFFF	16
1684	#FFFFFF	16
1685	#FFFFFF	16
1686	#FFFFFF	16
1687	#FFFFFF	16
1688	#FFFFFF	16
1689	#FFFFFF	53
1690	#FFFFFF	25
1691	#FFFFFF	25
1692	#FFFFFF	16
1693	#FFFFFF	16
1694	#FFFFFF	16
1695	#FFFFFF	25
1696	#FFFFFF	25
1697	#FFFFFF	55
1698	#FFFFFF	1
1699	#FFFFFF	25
1700	#FFFFFF	25
1701	#FFFFFF	25
1702	#FFFFFF	16
1703	#FFFFFF	16
1704	#FFFFFF	16
1705	#FFFFFF	16
1706	#FFFFFF	16
1707	#FFFFFF	16
1708	#FFFFFF	16
1709	#FFFFFF	16
1710	#FFFFFF	16
1711	#FFFFFF	16
1712	#FFFFFF	16
1713	#FFFFFF	16
1714	#FFFFFF	16
1715	#FFFFFF	16
1716	#FFFFFF	16
1717	#FFFFFF	16
1718	#FFFFFF	16
1719	#FFFFFF	16
1720	#FFFFFF	16
1721	#FFFFFF	16
1722	#FFFFFF	16
1723	#FFFFFF	16
1724	#FFFFFF	16
1725	#FFFFFF	16
1726	#FFFFFF	16
1727	#FFFFFF	16
1728	#FFFFFF	16
1729	#FFFFFF	16
1730	#FFFFFF	16
1731	#FFFFFF	16
1732	#FFFFFF	55
1733	#FFFFFF	41
1734	#FFFFFF	25
1735	#FFFFFF	25
1736	#FFFFFF	25
1737	#FFFFFF	16
1738	#FFFFFF	16
1739	#FFFFFF	16
1740	#FFFFFF	16
1741	#FFFFFF	16
1742	#FFFFFF	16
1743	#FFFFFF	16
1744	#FFFFFF	16
1745	#FFFFFF	16
1746	#FFFFFF	16
1747	#FFFFFF	16
1748	#FFFFFF	16
1749	#FFFFFF	16
1750	#FFFFFF	16
1751	#FFFFFF	16
1752	#FFFFFF	16
1753	#FFFFFF	16
1754	#FFFFFF	16
1755	#FFFFFF	16
1756	#FFFFFF	16
1757	#FFFFFF	16
1758	#FFFFFF	16
1759	#FFFFFF	16
1760	#FFFFFF	16
1761	#FFFFFF	16
1762	#FFFFFF	16
1763	#FFFFFF	16
1764	#FFFFFF	16
1765	#FFFFFF	16
1766	#FFFFFF	106
1767	#FFFFFF	25
1768	#FFFFFF	25
1769	#FFFFFF	41
1770	#FFFFFF	25
1771	#FFFFFF	25
1772	#FFFFFF	16
1773	#FFFFFF	16
1774	#FFFFFF	16
1775	#FFFFFF	16
1776	#FFFFFF	16
1777	#FFFFFF	16
1778	#FFFFFF	16
1779	#FFFFFF	16
1780	#FFFFFF	16
1781	#FFFFFF	16
1782	#FFFFFF	16
1783	#FFFFFF	16
1784	#FFFFFF	16
1785	#FFFFFF	16
1786	#FFFFFF	16
1787	#FFFFFF	16
1788	#FFFFFF	16
1789	#FFFFFF	16
1790	#FFFFFF	16
1791	#FFFFFF	16
1792	#FFFFFF	16
1793	#FFFFFF	16
1794	#FFFFFF	16
1795	#FFFFFF	16
1796	#FFFFFF	16
1797	#FFFFFF	16
1798	#FFFFFF	16
1799	#FFFFFF	16
1800	#FFFFFF	16
1801	#FFFFFF	16
1802	#FFFFFF	25
1803	#FFFFFF	25
1804	#FFFFFF	41
1805	#FFFFFF	25
1806	#FFFFFF	25
1807	#FFFFFF	16
1808	#FFFFFF	16
1809	#FFFFFF	16
1810	#FFFFFF	16
1811	#FFFFFF	16
1812	#FFFFFF	16
1813	#FFFFFF	16
1814	#FFFFFF	16
1815	#FFFFFF	16
1816	#FFFFFF	16
1817	#FFFFFF	16
1818	#FFFFFF	16
1819	#FFFFFF	16
1820	#FFFFFF	16
1821	#FFFFFF	16
1822	#FFFFFF	16
1823	#FFFFFF	16
1824	#FFFFFF	16
1825	#FFFFFF	16
1826	#FFFFFF	16
1827	#FFFFFF	16
1828	#FFFFFF	16
1829	#FFFFFF	16
1830	#FFFFFF	16
1831	#FFFFFF	16
1832	#FFFFFF	16
1833	#FFFFFF	16
1834	#FFFFFF	66
1835	#FFFFFF	16
1836	#FFFFFF	25
1837	#FFFFFF	47
1838	#FFFFFF	25
1839	#FFFFFF	25
1840	#FFFFFF	25
1841	#FFFFFF	16
1842	#FFFFFF	16
1843	#FFFFFF	16
1844	#FFFFFF	16
1845	#FFFFFF	16
1846	#FFFFFF	16
1847	#FFFFFF	16
1848	#FFFFFF	16
1849	#FFFFFF	16
1850	#FFFFFF	16
1851	#FFFFFF	16
1852	#FFFFFF	16
1853	#FFFFFF	16
1854	#FFFFFF	16
1855	#FFFFFF	16
1856	#FFFFFF	16
1857	#FFFFFF	16
1858	#FFFFFF	16
1859	#FFFFFF	16
1860	#FFFFFF	16
1861	#FFFFFF	16
1862	#FFFFFF	72
1863	#FFFFFF	16
1864	#FFFFFF	16
1865	#FFFFFF	16
1866	#FFFFFF	16
1867	#FFFFFF	16
1868	#FFFFFF	66
1869	#FFFFFF	25
1870	#FFFFFF	25
1871	#FFFFFF	47
1872	#FFFFFF	25
1873	#FFFFFF	25
1874	#FFFFFF	25
1875	#FFFFFF	16
1876	#FFFFFF	16
1877	#FFFFFF	16
1878	#FFFFFF	16
1879	#FFFFFF	16
1880	#FFFFFF	16
1881	#FFFFFF	16
1882	#FFFFFF	16
1883	#FFFFFF	16
1884	#FFFFFF	16
1885	#FFFFFF	16
1886	#FFFFFF	16
1887	#FFFFFF	16
1888	#FFFFFF	16
1889	#FFFFFF	16
1890	#FFFFFF	16
1891	#FFFFFF	16
1892	#FFFFFF	16
1893	#FFFFFF	16
1894	#FFFFFF	16
1895	#FFFFFF	38
1896	#FFFFFF	16
1897	#FFFFFF	16
1898	#FFFFFF	16
1899	#FFFFFF	16
1900	#FFFFFF	16
1901	#FFFFFF	16
1902	#FFFFFF	66
1903	#FFFFFF	25
1904	#FFFFFF	47
1905	#FFFFFF	60
1906	#FFFFFF	47
1907	#FFFFFF	25
1908	#FFFFFF	16
1909	#FFFFFF	16
1910	#FFFFFF	16
1911	#FFFFFF	16
1912	#FFFFFF	16
1913	#FFFFFF	16
1914	#FFFFFF	16
1915	#FFFFFF	16
1916	#FFFFFF	16
1917	#FFFFFF	16
1918	#FFFFFF	16
1919	#FFFFFF	16
1920	#FFFFFF	16
1921	#FFFFFF	16
1922	#FFFFFF	16
1923	#FFFFFF	16
1924	#FFFFFF	16
1925	#FFFFFF	16
1926	#FFFFFF	16
1927	#FFFFFF	16
1928	#FFFFFF	16
1929	#FFFFFF	16
1930	#FFFFFF	16
1931	#FFFFFF	16
1932	#FFFFFF	16
1933	#FFFFFF	16
1934	#FFFFFF	16
1935	#FFFFFF	5
1936	#FFFFFF	25
1937	#FFFFFF	25
1938	#FFFFFF	47
1939	#FFFFFF	47
1940	#FFFFFF	47
1941	#FFFFFF	16
1942	#FFFFFF	16
1943	#FFFFFF	16
1944	#FFFFFF	16
1945	#FFFFFF	16
1946	#FFFFFF	16
1947	#FFFFFF	16
1948	#FFFFFF	16
1949	#FFFFFF	16
1950	#FFFFFF	16
1951	#FFFFFF	16
1952	#FFFFFF	16
1953	#FFFFFF	16
1954	#FFFFFF	16
1955	#FFFFFF	16
1956	#FFFFFF	16
1957	#FFFFFF	16
1958	#FFFFFF	16
1959	#FFFFFF	16
1960	#FFFFFF	16
1961	#FFFFFF	16
1962	#FFFFFF	16
1963	#FFFFFF	16
1964	#FFFFFF	16
1965	#FFFFFF	5
1966	#FFFFFF	5
1967	#FFFFFF	16
1968	#FFFFFF	25
1969	#FFFFFF	26
1970	#FFFFFF	59
1971	#FFFFFF	47
1972	#FFFFFF	47
1973	#FFFFFF	16
1974	#FFFFFF	16
1975	#FFFFFF	16
1976	#FFFFFF	16
1977	#FFFFFF	16
1978	#FFFFFF	16
1979	#FFFFFF	4
1980	#FFFFFF	4
1981	#FFFFFF	4
1982	#FFFFFF	4
1983	#FFFFFF	4
1991	#FFFFFF	4
1993	#FFFFFF	4
1994	#FFFFFF	4
1995	#FFFFFF	4
1996	#FFFFFF	4
1997	#FFFFFF	4
1998	#FFFFFF	4
1999	#FFFFFF	4
2000	#FFFFFF	4
2001	#FFFFFF	4
2002	#FFFFFF	4
2003	#FFFFFF	4
2004	#FFFFFF	4
2010	#FFFFFF	4
2012	#FFFFFF	4
2013	#FFFFFF	4
2014	#FFFFFF	4
2015	#FFFFFF	4
2016	#FFFFFF	4
2017	#FFFFFF	4
2018	#FFFFFF	4
2019	#FFFFFF	16
2020	#FFFFFF	16
2021	#FFFFFF	16
2022	#FFFFFF	16
2023	#FFFFFF	16
2024	#FFFFFF	16
2025	#FFFFFF	16
2026	#FFFFFF	16
2027	#FFFFFF	16
2028	#FFFFFF	16
2029	#FFFFFF	16
2030	#FFFFFF	16
2031	#FFFFFF	16
2032	#FFFFFF	16
2033	#FFFFFF	16
2034	#FFFFFF	16
2035	#FFFFFF	16
2036	#FFFFFF	16
2037	#FFFFFF	5
2038	#FFFFFF	16
2039	#FFFFFF	25
2040	#FFFFFF	26
2041	#FFFFFF	26
2042	#FFFFFF	47
2043	#FFFFFF	47
2044	#FFFFFF	16
2045	#FFFFFF	16
2046	#FFFFFF	16
2047	#FFFFFF	16
2048	#FFFFFF	16
2049	#FFFFFF	16
2050	#FFFFFF	16
2051	#FFFFFF	16
2052	#FFFFFF	16
2053	#FFFFFF	16
2054	#FFFFFF	16
2055	#FFFFFF	16
2056	#FFFFFF	16
2057	#FFFFFF	16
2058	#FFFFFF	16
2059	#FFFFFF	16
2060	#FFFFFF	16
2061	#FFFFFF	16
2062	#FFFFFF	16
2063	#FFFFFF	7
2064	#FFFFFF	16
2065	#FFFFFF	16
2066	#FFFFFF	16
2067	#FFFFFF	5
2068	#FFFFFF	5
2069	#FFFFFF	25
2070	#FFFFFF	16
2071	#FFFFFF	25
2072	#FFFFFF	69
2073	#FFFFFF	26
2074	#FFFFFF	47
2075	#FFFFFF	16
2076	#FFFFFF	16
2077	#FFFFFF	16
2078	#FFFFFF	16
2079	#FFFFFF	16
2080	#FFFFFF	16
2081	#FFFFFF	16
2082	#FFFFFF	16
2083	#FFFFFF	16
2084	#FFFFFF	16
2085	#FFFFFF	16
2086	#FFFFFF	16
2087	#FFFFFF	16
2088	#FFFFFF	16
2089	#FFFFFF	16
2090	#FFFFFF	16
2091	#FFFFFF	16
2092	#FFFFFF	16
2093	#FFFFFF	16
2094	#FFFFFF	7
2095	#FFFFFF	7
2096	#FFFFFF	7
2097	#FFFFFF	7
2098	#FFFFFF	7
2099	#FFFFFF	57
2100	#FFFFFF	5
2101	#FFFFFF	16
2102	#FFFFFF	27
2103	#FFFFFF	25
2104	#FFFFFF	25
2105	#FFFFFF	47
2106	#FFFFFF	16
2107	#FFFFFF	16
2108	#FFFFFF	16
2109	#FFFFFF	16
2110	#FFFFFF	16
2111	#FFFFFF	16
2112	#FFFFFF	16
2113	#FFFFFF	16
2114	#FFFFFF	16
2115	#FFFFFF	16
2116	#FFFFFF	16
2117	#FFFFFF	16
2118	#FFFFFF	16
2119	#FFFFFF	16
2120	#FFFFFF	16
2121	#FFFFFF	16
2122	#FFFFFF	9
2123	#FFFFFF	16
2124	#FFFFFF	16
2125	#FFFFFF	16
2126	#FFFFFF	7
2127	#FFFFFF	7
2128	#FFFFFF	7
2129	#FFFFFF	5
2130	#FFFFFF	7
2131	#FFFFFF	16
2132	#FFFFFF	27
2133	#FFFFFF	25
2134	#FFFFFF	47
2135	#FFFFFF	16
2136	#FFFFFF	16
2137	#FFFFFF	16
2138	#FFFFFF	16
2139	#FFFFFF	16
2140	#FFFFFF	16
2141	#FFFFFF	16
2142	#FFFFFF	16
2143	#FFFFFF	16
2144	#FFFFFF	16
2145	#FFFFFF	16
2146	#FFFFFF	16
2147	#FFFFFF	16
2148	#FFFFFF	16
2149	#FFFFFF	16
2150	#FFFFFF	16
2151	#FFFFFF	16
2152	#FFFFFF	16
2153	#FFFFFF	16
2154	#FFFFFF	16
2155	#FFFFFF	7
2156	#FFFFFF	29
2157	#FFFFFF	29
2158	#FFFFFF	29
2159	#FFFFFF	7
2160	#FFFFFF	5
2161	#FFFFFF	16
2162	#FFFFFF	7
2163	#FFFFFF	25
2164	#FFFFFF	25
2165	#FFFFFF	16
2166	#FFFFFF	16
2167	#FFFFFF	16
2168	#FFFFFF	16
2169	#FFFFFF	16
2170	#FFFFFF	16
2171	#FFFFFF	16
2172	#FFFFFF	16
2173	#FFFFFF	16
2174	#FFFFFF	16
2175	#FFFFFF	16
2176	#FFFFFF	16
2177	#FFFFFF	16
2178	#FFFFFF	16
2179	#FFFFFF	16
2180	#FFFFFF	16
2181	#FFFFFF	16
2182	#FFFFFF	16
2183	#FFFFFF	16
2184	#FFFFFF	7
2185	#FFFFFF	7
2186	#FFFFFF	29
2187	#FFFFFF	29
2188	#FFFFFF	7
2189	#FFFFFF	61
2190	#FFFFFF	7
2191	#FFFFFF	16
2192	#FFFFFF	7
2193	#FFFFFF	25
2194	#FFFFFF	16
2195	#FFFFFF	16
2196	#FFFFFF	16
2197	#FFFFFF	16
2198	#FFFFFF	16
2199	#FFFFFF	16
2200	#FFFFFF	16
2201	#FFFFFF	16
2202	#FFFFFF	16
2203	#FFFFFF	16
2204	#FFFFFF	16
2205	#FFFFFF	16
2206	#FFFFFF	16
2207	#FFFFFF	16
2208	#FFFFFF	16
2209	#FFFFFF	16
2210	#FFFFFF	9
2211	#FFFFFF	16
2212	#FFFFFF	16
2213	#FFFFFF	16
2214	#FFFFFF	16
2215	#FFFFFF	16
2216	#FFFFFF	7
2217	#FFFFFF	7
2218	#FFFFFF	7
2219	#FFFFFF	12
2220	#FFFFFF	7
2221	#FFFFFF	16
2222	#FFFFFF	63
2223	#FFFFFF	103
2224	#FFFFFF	16
2225	#FFFFFF	16
2226	#FFFFFF	16
2227	#FFFFFF	16
2228	#FFFFFF	16
2229	#FFFFFF	16
2230	#FFFFFF	16
2231	#FFFFFF	16
2232	#FFFFFF	16
2233	#FFFFFF	16
2234	#FFFFFF	16
2235	#FFFFFF	16
2236	#FFFFFF	16
2237	#FFFFFF	16
2238	#FFFFFF	6
2239	#FFFFFF	16
2240	#FFFFFF	9
2241	#FFFFFF	9
2242	#FFFFFF	16
2243	#FFFFFF	16
2244	#FFFFFF	7
2245	#FFFFFF	101
2246	#FFFFFF	7
2247	#FFFFFF	75
2248	#FFFFFF	12
2249	#FFFFFF	63
2250	#FFFFFF	16
2251	#FFFFFF	7
2252	#FFFFFF	7
2253	#FFFFFF	16
2254	#FFFFFF	16
2255	#FFFFFF	16
2256	#FFFFFF	16
2257	#FFFFFF	16
2258	#FFFFFF	16
2259	#FFFFFF	16
2260	#FFFFFF	16
2261	#FFFFFF	16
2262	#FFFFFF	16
2263	#FFFFFF	16
2264	#FFFFFF	16
2265	#FFFFFF	16
2266	#FFFFFF	16
2267	#FFFFFF	16
2268	#FFFFFF	16
2269	#FFFFFF	9
2270	#FFFFFF	9
2271	#FFFFFF	9
2272	#FFFFFF	16
2273	#FFFFFF	16
2274	#FFFFFF	15
2275	#FFFFFF	7
2276	#FFFFFF	7
2277	#FFFFFF	12
2278	#FFFFFF	100
2279	#FFFFFF	16
2280	#FFFFFF	7
2281	#FFFFFF	16
2282	#FFFFFF	16
2283	#FFFFFF	16
2284	#FFFFFF	16
2285	#FFFFFF	16
2286	#FFFFFF	16
2287	#FFFFFF	16
2288	#FFFFFF	16
2289	#FFFFFF	16
2290	#FFFFFF	16
2291	#FFFFFF	16
2292	#FFFFFF	16
2293	#FFFFFF	6
2294	#FFFFFF	6
2295	#FFFFFF	9
2296	#FFFFFF	16
2297	#FFFFFF	9
2298	#FFFFFF	9
2299	#FFFFFF	9
2300	#FFFFFF	16
2301	#FFFFFF	15
2302	#FFFFFF	7
2303	#FFFFFF	7
2304	#FFFFFF	7
2305	#FFFFFF	7
2306	#FFFFFF	16
2307	#FFFFFF	7
2308	#FFFFFF	16
2309	#FFFFFF	16
2310	#FFFFFF	16
2311	#FFFFFF	16
2312	#FFFFFF	16
2313	#FFFFFF	16
2318	#FFFFFF	4
2319	#FFFFFF	4
2320	#FFFFFF	4
2321	#FFFFFF	4
2322	#FFFFFF	4
2323	#FFFFFF	4
2329	#FFFFFF	4
2331	#FFFFFF	4
2332	#FFFFFF	4
2333	#FFFFFF	4
2334	#FFFFFF	4
2335	#FFFFFF	4
2336	#FFFFFF	4
2337	#FFFFFF	4
2338	#FFFFFF	4
2339	#FFFFFF	4
2340	#FFFFFF	4
2341	#FFFFFF	4
2342	#FFFFFF	4
2343	#FFFFFF	4
2349	#FFFFFF	4
2350	#FFFFFF	4
2351	#FFFFFF	4
2352	#FFFFFF	4
2353	#FFFFFF	4
2354	#FFFFFF	4
2355	#FFFFFF	4
2356	#FFFFFF	4
2357	#FFFFFF	4
2358	#FFFFFF	4
2359	#FFFFFF	4
2360	#FFFFFF	4
2361	#FFFFFF	4
2362	#FFFFFF	4
2363	#FFFFFF	4
2368	#FFFFFF	4
2369	#FFFFFF	4
2370	#FFFFFF	4
2371	#FFFFFF	4
2372	#FFFFFF	4
2373	#FFFFFF	4
2374	#FFFFFF	4
2375	#FFFFFF	4
2376	#FFFFFF	4
2377	#FFFFFF	4
2378	#FFFFFF	4
2379	#FFFFFF	4
2380	#FFFFFF	4
2381	#FFFFFF	4
2382	#FFFFFF	4
2386	#FFFFFF	4
2387	#FFFFFF	4
2388	#FFFFFF	4
2389	#FFFFFF	4
2390	#FFFFFF	4
2391	#FFFFFF	4
2392	#FFFFFF	4
2393	#FFFFFF	4
2394	#FFFFFF	4
2395	#FFFFFF	4
2396	#FFFFFF	4
2397	#FFFFFF	4
2398	#FFFFFF	4
2399	#FFFFFF	4
2400	#FFFFFF	4
2401	#FFFFFF	4
2404	#FFFFFF	4
2405	#FFFFFF	4
2406	#FFFFFF	4
2407	#FFFFFF	4
2408	#FFFFFF	4
2409	#FFFFFF	4
2410	#FFFFFF	4
2411	#FFFFFF	4
2412	#FFFFFF	4
2413	#FFFFFF	4
2414	#FFFFFF	4
2415	#FFFFFF	4
2416	#FFFFFF	4
2417	#FFFFFF	4
2418	#FFFFFF	4
2419	#FFFFFF	4
2421	#FFFFFF	4
2422	#FFFFFF	4
2423	#FFFFFF	4
2424	#FFFFFF	4
2425	#FFFFFF	4
2426	#FFFFFF	4
2427	#FFFFFF	4
2428	#FFFFFF	4
2429	#FFFFFF	4
2430	#FFFFFF	4
2431	#FFFFFF	4
2432	#FFFFFF	4
2433	#FFFFFF	4
2434	#FFFFFF	4
2435	#FFFFFF	4
2436	#FFFFFF	4
2437	#FFFFFF	4
2439	#FFFFFF	4
2440	#FFFFFF	4
2441	#FFFFFF	4
2442	#FFFFFF	4
2443	#FFFFFF	4
2444	#FFFFFF	4
2445	#FFFFFF	4
2446	#FFFFFF	4
2447	#FFFFFF	4
2448	#FFFFFF	4
2449	#FFFFFF	4
2450	#FFFFFF	4
2451	#FFFFFF	4
2452	#FFFFFF	4
2453	#FFFFFF	4
2454	#FFFFFF	4
2455	#FFFFFF	4
2456	#FFFFFF	4
2457	#FFFFFF	4
2458	#FFFFFF	4
2459	#FFFFFF	4
2460	#FFFFFF	4
2461	#FFFFFF	4
2462	#FFFFFF	4
2463	#FFFFFF	4
2464	#FFFFFF	4
2465	#FFFFFF	4
2466	#FFFFFF	4
2467	#FFFFFF	4
2468	#FFFFFF	4
2469	#FFFFFF	4
2470	#FFFFFF	4
2471	#FFFFFF	4
2472	#FFFFFF	4
2473	#FFFFFF	4
2474	#FFFFFF	4
2475	#FFFFFF	4
2476	#FFFFFF	4
2477	#FFFFFF	4
2478	#FFFFFF	4
2479	#FFFFFF	4
2480	#FFFFFF	4
2481	#FFFFFF	4
2482	#FFFFFF	4
2483	#FFFFFF	4
2484	#FFFFFF	4
2485	#FFFFFF	4
2486	#FFFFFF	4
2487	#FFFFFF	4
2488	#FFFFFF	4
2489	#FFFFFF	4
2490	#FFFFFF	4
2491	#FFFFFF	4
2492	#FFFFFF	4
2493	#FFFFFF	4
2494	#FFFFFF	4
2495	#FFFFFF	4
2496	#FFFFFF	4
2497	#FFFFFF	4
2498	#FFFFFF	4
2499	#FFFFFF	4
2500	#FFFFFF	4
2501	#FFFFFF	4
2509	#FFFFFF	4
2515	#FFFFFF	4
2516	#FFFFFF	4
2517	#FFFFFF	4
2518	#FFFFFF	4
2519	#FFFFFF	4
2520	#FFFFFF	4
2522	#FFFFFF	4
2523	#FFFFFF	4
2532	#FFFFFF	4
2538	#FFFFFF	4
2539	#FFFFFF	4
2540	#FFFFFF	4
2541	#FFFFFF	4
2542	#FFFFFF	4
2545	#FFFFFF	4
2546	#FFFFFF	4
2554	#FFFFFF	4
2561	#FFFFFF	4
2562	#FFFFFF	4
2563	#FFFFFF	4
2564	#FFFFFF	4
2565	#FFFFFF	4
2568	#FFFFFF	4
2569	#FFFFFF	4
2577	#FFFFFF	4
2584	#FFFFFF	4
2585	#FFFFFF	4
2586	#FFFFFF	4
2587	#FFFFFF	4
2591	#FFFFFF	4
2592	#FFFFFF	4
2600	#FFFFFF	4
2607	#FFFFFF	4
2608	#FFFFFF	4
2609	#FFFFFF	4
2610	#FFFFFF	4
2614	#FFFFFF	4
2615	#FFFFFF	4
2623	#FFFFFF	4
2631	#FFFFFF	4
2632	#FFFFFF	4
2633	#FFFFFF	4
2638	#FFFFFF	4
2639	#FFFFFF	4
2647	#FFFFFF	4
2656	#FFFFFF	4
2657	#FFFFFF	4
2658	#FFFFFF	4
2663	#FFFFFF	4
2664	#FFFFFF	4
2672	#FFFFFF	4
2681	#FFFFFF	4
2682	#FFFFFF	4
2688	#FFFFFF	4
2689	#FFFFFF	4
2697	#FFFFFF	4
2707	#FFFFFF	4
2708	#FFFFFF	4
2714	#FFFFFF	4
2715	#FFFFFF	4
2723	#FFFFFF	4
2733	#FFFFFF	4
